[{"model": "location.provincia", "pk": 1, "fields": {"name": "Azua", "location_m": "Azua, Dominican Republic, 18.4531742, -70.73468869999999"}}, {"model": "location.provincia", "pk": 2, "fields": {"name": "Bahoruco", "location_m": "Bahoruco, Dominican Republic, 18.4879898, -71.4182249"}}, {"model": "location.provincia", "pk": 3, "fields": {"name": "Barahona", "location_m": "Barahona, Dominican Republic, 18.2120807, -71.10240759999999"}}, {"model": "location.provincia", "pk": 4, "fields": {"name": "Dajab\u00f3n", "location_m": "Dajabon, Dominican Republic, 19.5499241, -71.7086514"}}, {"model": "location.provincia", "pk": 5, "fields": {"name": "Distrito Nacional", "location_m": "Distrito Nacional, Dominican Republic, 18.4860575, -69.93121169999999"}}, {"model": "location.provincia", "pk": 6, "fields": {"name": "Duarte", "location_m": "Duarte, Dominican Republic, 19.2090823, -70.02700039999999"}}, {"model": "location.provincia", "pk": 7, "fields": {"name": "El\u00edas Pi\u00f1a", "location_m": "Elias Pina, Dominican Republic, 18.8766964, -71.7044138"}}, {"model": "location.provincia", "pk": 8, "fields": {"name": "El Seibo", "location_m": "El Seibo, Dominican Republic, 18.7653036, -69.0389048"}}, {"model": "location.provincia", "pk": 9, "fields": {"name": "Espaillat", "location_m": "Espaillat, Dominican Republic, 19.6277658, -70.2786775"}}, {"model": "location.provincia", "pk": 10, "fields": {"name": "Hato Mayor", "location_m": "Hato Mayor, Dominican Republic, 18.7635799, -69.2557637"}}, {"model": "location.provincia", "pk": 11, "fields": {"name": "Hermanas Mirabal", "location_m": "Hermanas Mirabal, Dominican Republic, 19.3747559, -70.35132349999999"}}, {"model": "location.provincia", "pk": 12, "fields": {"name": "Independencia", "location_m": "Independencia, Dominican Republic, 18.3785651, -71.5232874"}}, {"model": "location.provincia", "pk": 13, "fields": {"name": "La Altagracia", "location_m": "La Altagracia, Dominican Republic, 19.0121882, -69.84894489999999"}}, {"model": "location.provincia", "pk": 14, "fields": {"name": "La Romana", "location_m": "La Romana, Dominican Republic, 18.4338645, -68.9658817"}}, {"model": "location.provincia", "pk": 15, "fields": {"name": "La Vega", "location_m": "La Vega, Dominican Republic, 19.2188547, -70.52389480000001"}}, {"model": "location.provincia", "pk": 16, "fields": {"name": "Mar\u00eda Trinidad S\u00e1nchez", "location_m": "Mar\u00eda Trinidad S\u00e1nchez, Dominican Republic, 19.3734597, -69.85144389999999"}}, {"model": "location.provincia", "pk": 17, "fields": {"name": "Monse\u00f1or Nouel", "location_m": "Monse\u00f1or Nouel, Dominican Republic, 18.9215234, -70.3836815"}}, {"model": "location.provincia", "pk": 18, "fields": {"name": "Monte Cristi", "location_m": "Monte Cristi, Dominican Republic, 19.8473452, -71.6406361"}}, {"model": "location.provincia", "pk": 19, "fields": {"name": "Monte Plata", "location_m": "Monte Plata, Dominican Republic, 18.8069496, -69.7852843"}}, {"model": "location.provincia", "pk": 20, "fields": {"name": "Pedernales", "location_m": "Pedernales, Dominican Republic, 18.0368683, -71.7454674"}}, {"model": "location.provincia", "pk": 21, "fields": {"name": "Peravia", "location_m": "Peravia, Dominican Republic, 18.2786594, -70.33358869999999"}}, {"model": "location.provincia", "pk": 22, "fields": {"name": "Puerto Plata", "location_m": "Puerto Plata, Dominican Republic, 19.7807686, -70.6871091"}}, {"model": "location.provincia", "pk": 23, "fields": {"name": "Saman\u00e1", "location_m": "Samana, Dominican Republic, 19.2030757, -69.3387664"}}, {"model": "location.provincia", "pk": 24, "fields": {"name": "S\u00e1nchez Ram\u00edrez", "location_m": "S\u00e1nchez Ram\u00edrez, Dominican Republic, 19.052706, -70.1492264"}}, {"model": "location.provincia", "pk": 25, "fields": {"name": "San Crist\u00f3bal", "location_m": "San Crist\u00f3bal, Dominican Republic, 18.4169111, -70.1072502"}}, {"model": "location.provincia", "pk": 26, "fields": {"name": "San Jos\u00e9 de Ocoa", "location_m": "San Jose de Ocoa, Dominican Republic, 18.543858, -70.5041816"}}, {"model": "location.provincia", "pk": 27, "fields": {"name": "San Juan", "location_m": "San Juan, Dominican Republic, 18.8096268, -71.2309935"}}, {"model": "location.provincia", "pk": 28, "fields": {"name": "San Pedro de Macor\u00eds", "location_m": "San Pedro De Macoris, Dominican Republic, 18.46266, -69.3051234"}}, {"model": "location.provincia", "pk": 29, "fields": {"name": "Santiago", "location_m": "Santiago De Los Caballeros, Dominican Republic, 19.4791963, -70.6930568"}}, {"model": "location.provincia", "pk": 30, "fields": {"name": "Santiago Rodr\u00edguez", "location_m": "Santiago Rodr\u00edguez, Dominican Republic, 19.4713181, -71.33958009999999"}}, {"model": "location.provincia", "pk": 31, "fields": {"name": "Santo Domingo", "location_m": "Santo Domingo, Dominican Republic, 18.4860575, -69.93121169999999"}}, {"model": "location.provincia", "pk": 32, "fields": {"name": "Valverde", "location_m": "Valverde, Dominican Republic, 19.5881221, -70.98033099999999"}}, {"model": "location.municipio", "pk": 3, "fields": {"name": "Azua de Compostela", "provincia": 1}}, {"model": "location.municipio", "pk": 4, "fields": {"name": "Esteban\u00eda", "provincia": 1}}, {"model": "location.municipio", "pk": 5, "fields": {"name": "Guayabal", "provincia": 1}}, {"model": "location.municipio", "pk": 6, "fields": {"name": "Las Charcas", "provincia": 1}}, {"model": "location.municipio", "pk": 7, "fields": {"name": "Las Yayas de Viajama", "provincia": 1}}, {"model": "location.municipio", "pk": 8, "fields": {"name": "Padre Las Casas", "provincia": 1}}, {"model": "location.municipio", "pk": 9, "fields": {"name": "Peralta", "provincia": 1}}, {"model": "location.municipio", "pk": 10, "fields": {"name": "Pueblo Viejo", "provincia": 1}}, {"model": "location.municipio", "pk": 11, "fields": {"name": "Sabana Yegua", "provincia": 1}}, {"model": "location.municipio", "pk": 12, "fields": {"name": "T\u00e1bara Arriba", "provincia": 1}}, {"model": "location.municipio", "pk": 13, "fields": {"name": "Neiba", "provincia": 2}}, {"model": "location.municipio", "pk": 14, "fields": {"name": "Galv\u00e1n", "provincia": 2}}, {"model": "location.municipio", "pk": 15, "fields": {"name": "Los R\u00edos", "provincia": 2}}, {"model": "location.municipio", "pk": 16, "fields": {"name": "Tamayo", "provincia": 2}}, {"model": "location.municipio", "pk": 17, "fields": {"name": "Villa Jaragua", "provincia": 2}}, {"model": "location.municipio", "pk": 18, "fields": {"name": "Barahona", "provincia": 3}}, {"model": "location.municipio", "pk": 19, "fields": {"name": "Cabral", "provincia": 3}}, {"model": "location.municipio", "pk": 20, "fields": {"name": "El Pe\u00f1\u00f3n", "provincia": 3}}, {"model": "location.municipio", "pk": 21, "fields": {"name": "Enriquillo", "provincia": 3}}, {"model": "location.municipio", "pk": 22, "fields": {"name": "Fundaci\u00f3n", "provincia": 3}}, {"model": "location.municipio", "pk": 23, "fields": {"name": "Jaquimeyes", "provincia": 3}}, {"model": "location.municipio", "pk": 24, "fields": {"name": "La Ci\u00e9naga", "provincia": 3}}, {"model": "location.municipio", "pk": 25, "fields": {"name": "Las Salinas", "provincia": 3}}, {"model": "location.municipio", "pk": 26, "fields": {"name": "Para\u00edso", "provincia": 3}}, {"model": "location.municipio", "pk": 27, "fields": {"name": "Polo", "provincia": 3}}, {"model": "location.municipio", "pk": 28, "fields": {"name": "Vicente Noble", "provincia": 3}}, {"model": "location.municipio", "pk": 29, "fields": {"name": "Dajab\u00f3n", "provincia": 4}}, {"model": "location.municipio", "pk": 30, "fields": {"name": "El Pino", "provincia": 4}}, {"model": "location.municipio", "pk": 31, "fields": {"name": "Loma de Cabrera", "provincia": 4}}, {"model": "location.municipio", "pk": 32, "fields": {"name": "Partido", "provincia": 4}}, {"model": "location.municipio", "pk": 33, "fields": {"name": "Restauraci\u00f3n", "provincia": 4}}, {"model": "location.municipio", "pk": 34, "fields": {"name": "Distrito Nacional", "provincia": 5}}, {"model": "location.municipio", "pk": 35, "fields": {"name": "San Francisco de Macor\u00eds", "provincia": 6}}, {"model": "location.municipio", "pk": 36, "fields": {"name": "Arenoso", "provincia": 6}}, {"model": "location.municipio", "pk": 37, "fields": {"name": "Castillo", "provincia": 6}}, {"model": "location.municipio", "pk": 38, "fields": {"name": "Eugenio Mar\u00eda de Hostos", "provincia": 6}}, {"model": "location.municipio", "pk": 39, "fields": {"name": "Las Gu\u00e1ranas", "provincia": 6}}, {"model": "location.municipio", "pk": 40, "fields": {"name": "Pimentel", "provincia": 6}}, {"model": "location.municipio", "pk": 41, "fields": {"name": "Villa Riva", "provincia": 6}}, {"model": "location.municipio", "pk": 42, "fields": {"name": "Comendador", "provincia": 7}}, {"model": "location.municipio", "pk": 43, "fields": {"name": "B\u00e1nica", "provincia": 7}}, {"model": "location.municipio", "pk": 44, "fields": {"name": "El Llano", "provincia": 7}}, {"model": "location.municipio", "pk": 45, "fields": {"name": "Hondo Valle", "provincia": 7}}, {"model": "location.municipio", "pk": 46, "fields": {"name": "Juan Santiago", "provincia": 7}}, {"model": "location.municipio", "pk": 47, "fields": {"name": "Pedro Santana", "provincia": 7}}, {"model": "location.municipio", "pk": 48, "fields": {"name": "El Seibo", "provincia": 8}}, {"model": "location.municipio", "pk": 49, "fields": {"name": "Miches", "provincia": 8}}, {"model": "location.municipio", "pk": 50, "fields": {"name": "Moca", "provincia": 9}}, {"model": "location.municipio", "pk": 51, "fields": {"name": "Cayetano Germos\u00e9n", "provincia": 9}}, {"model": "location.municipio", "pk": 52, "fields": {"name": "Gaspar Hern\u00e1ndez", "provincia": 9}}, {"model": "location.municipio", "pk": 53, "fields": {"name": "Jamao al Norte", "provincia": 9}}, {"model": "location.municipio", "pk": 54, "fields": {"name": "Hato Mayor del Rey", "provincia": 10}}, {"model": "location.municipio", "pk": 55, "fields": {"name": "El Valle", "provincia": 10}}, {"model": "location.municipio", "pk": 56, "fields": {"name": "Sabana de la Mar", "provincia": 10}}, {"model": "location.municipio", "pk": 57, "fields": {"name": "Salcedo", "provincia": 11}}, {"model": "location.municipio", "pk": 58, "fields": {"name": "Tenares", "provincia": 11}}, {"model": "location.municipio", "pk": 59, "fields": {"name": "Villa Tapia", "provincia": 11}}, {"model": "location.municipio", "pk": 60, "fields": {"name": "Jiman\u00ed", "provincia": 12}}, {"model": "location.municipio", "pk": 61, "fields": {"name": "Crist\u00f3bal", "provincia": 12}}, {"model": "location.municipio", "pk": 62, "fields": {"name": "Duverg\u00e9", "provincia": 12}}, {"model": "location.municipio", "pk": 63, "fields": {"name": "La Descubierta", "provincia": 12}}, {"model": "location.municipio", "pk": 64, "fields": {"name": "Mella", "provincia": 12}}, {"model": "location.municipio", "pk": 65, "fields": {"name": "Postrer R\u00edo", "provincia": 12}}, {"model": "location.municipio", "pk": 66, "fields": {"name": "Hig\u00fcey", "provincia": 13}}, {"model": "location.municipio", "pk": 67, "fields": {"name": "San Rafael del Yuma", "provincia": 13}}, {"model": "location.municipio", "pk": 68, "fields": {"name": "La Romana", "provincia": 14}}, {"model": "location.municipio", "pk": 69, "fields": {"name": "Guaymate", "provincia": 14}}, {"model": "location.municipio", "pk": 70, "fields": {"name": "Villa Hermosa", "provincia": 14}}, {"model": "location.municipio", "pk": 71, "fields": {"name": "La Concepci\u00f3n de La Vega", "provincia": 15}}, {"model": "location.municipio", "pk": 72, "fields": {"name": "Constanza", "provincia": 15}}, {"model": "location.municipio", "pk": 73, "fields": {"name": "Jarabacoa", "provincia": 15}}, {"model": "location.municipio", "pk": 74, "fields": {"name": "Jima Abajo", "provincia": 15}}, {"model": "location.municipio", "pk": 75, "fields": {"name": "Nagua", "provincia": 16}}, {"model": "location.municipio", "pk": 76, "fields": {"name": "Cabrera", "provincia": 16}}, {"model": "location.municipio", "pk": 77, "fields": {"name": "El Factor", "provincia": 16}}, {"model": "location.municipio", "pk": 78, "fields": {"name": "R\u00edo San Juan", "provincia": 16}}, {"model": "location.municipio", "pk": 79, "fields": {"name": "Bonao", "provincia": 17}}, {"model": "location.municipio", "pk": 80, "fields": {"name": "Maim\u00f3n", "provincia": 17}}, {"model": "location.municipio", "pk": 81, "fields": {"name": "Piedra Blanca", "provincia": 17}}, {"model": "location.municipio", "pk": 82, "fields": {"name": "Montecristi", "provincia": 18}}, {"model": "location.municipio", "pk": 83, "fields": {"name": "Casta\u00f1uela", "provincia": 18}}, {"model": "location.municipio", "pk": 84, "fields": {"name": "Guayub\u00edn", "provincia": 18}}, {"model": "location.municipio", "pk": 85, "fields": {"name": "Las Matas de Santa Cruz", "provincia": 18}}, {"model": "location.municipio", "pk": 86, "fields": {"name": "Pepillo Salcedo", "provincia": 18}}, {"model": "location.municipio", "pk": 87, "fields": {"name": "Villa V\u00e1squez", "provincia": 18}}, {"model": "location.municipio", "pk": 88, "fields": {"name": "Monte Plata", "provincia": 19}}, {"model": "location.municipio", "pk": 89, "fields": {"name": "Bayaguana", "provincia": 19}}, {"model": "location.municipio", "pk": 90, "fields": {"name": "Peralvillo", "provincia": 19}}, {"model": "location.municipio", "pk": 91, "fields": {"name": "Sabana Grande de Boy\u00e1", "provincia": 19}}, {"model": "location.municipio", "pk": 92, "fields": {"name": "Yamas\u00e1", "provincia": 19}}, {"model": "location.municipio", "pk": 93, "fields": {"name": "Pedernales", "provincia": 20}}, {"model": "location.municipio", "pk": 94, "fields": {"name": "Oviedo", "provincia": 20}}, {"model": "location.municipio", "pk": 95, "fields": {"name": "Ban\u00ed", "provincia": 21}}, {"model": "location.municipio", "pk": 96, "fields": {"name": "Nizao", "provincia": 21}}, {"model": "location.municipio", "pk": 97, "fields": {"name": "Puerto Plata", "provincia": 22}}, {"model": "location.municipio", "pk": 98, "fields": {"name": "Altamira", "provincia": 22}}, {"model": "location.municipio", "pk": 99, "fields": {"name": "Guananico", "provincia": 22}}, {"model": "location.municipio", "pk": 100, "fields": {"name": "Imbert", "provincia": 22}}, {"model": "location.municipio", "pk": 101, "fields": {"name": "Los Hidalgos", "provincia": 22}}, {"model": "location.municipio", "pk": 102, "fields": {"name": "Luper\u00f3n", "provincia": 22}}, {"model": "location.municipio", "pk": 103, "fields": {"name": "Sos\u00faa", "provincia": 22}}, {"model": "location.municipio", "pk": 104, "fields": {"name": "Villa Isabela", "provincia": 22}}, {"model": "location.municipio", "pk": 105, "fields": {"name": "Villa Montellano", "provincia": 22}}, {"model": "location.municipio", "pk": 106, "fields": {"name": "Saman\u00e1", "provincia": 23}}, {"model": "location.municipio", "pk": 107, "fields": {"name": "Las Terrenas", "provincia": 23}}, {"model": "location.municipio", "pk": 108, "fields": {"name": "S\u00e1nchez", "provincia": 23}}, {"model": "location.municipio", "pk": 109, "fields": {"name": "Cotu\u00ed", "provincia": 24}}, {"model": "location.municipio", "pk": 110, "fields": {"name": "Cevicos", "provincia": 24}}, {"model": "location.municipio", "pk": 111, "fields": {"name": "Fantino", "provincia": 24}}, {"model": "location.municipio", "pk": 112, "fields": {"name": "La Mata", "provincia": 24}}, {"model": "location.municipio", "pk": 113, "fields": {"name": "San Crist\u00f3bal", "provincia": 25}}, {"model": "location.municipio", "pk": 114, "fields": {"name": "Bajos de Haina", "provincia": 25}}, {"model": "location.municipio", "pk": 115, "fields": {"name": "Cambita Garabito", "provincia": 25}}, {"model": "location.municipio", "pk": 116, "fields": {"name": "Los Cacaos", "provincia": 25}}, {"model": "location.municipio", "pk": 117, "fields": {"name": "Sabana Grande de Palenque", "provincia": 25}}, {"model": "location.municipio", "pk": 118, "fields": {"name": "San Gregorio de Nigua", "provincia": 25}}, {"model": "location.municipio", "pk": 119, "fields": {"name": "Villa Altagracia", "provincia": 25}}, {"model": "location.municipio", "pk": 120, "fields": {"name": "Yaguate", "provincia": 25}}, {"model": "location.municipio", "pk": 121, "fields": {"name": "San Jos\u00e9 de Ocoa", "provincia": 26}}, {"model": "location.municipio", "pk": 122, "fields": {"name": "Rancho Arriba", "provincia": 26}}, {"model": "location.municipio", "pk": 123, "fields": {"name": "Sabana Larga", "provincia": 26}}, {"model": "location.municipio", "pk": 124, "fields": {"name": "San Juan de la Maguana", "provincia": 27}}, {"model": "location.municipio", "pk": 125, "fields": {"name": "Bohech\u00edo", "provincia": 27}}, {"model": "location.municipio", "pk": 126, "fields": {"name": "El Cercado", "provincia": 27}}, {"model": "location.municipio", "pk": 127, "fields": {"name": "Juan de Herrera", "provincia": 27}}, {"model": "location.municipio", "pk": 128, "fields": {"name": "Las Matas de Farf\u00e1n", "provincia": 27}}, {"model": "location.municipio", "pk": 129, "fields": {"name": "Vallejuelo", "provincia": 27}}, {"model": "location.municipio", "pk": 130, "fields": {"name": "San Pedro de Macor\u00eds", "provincia": 28}}, {"model": "location.municipio", "pk": 131, "fields": {"name": "Consuelo", "provincia": 28}}, {"model": "location.municipio", "pk": 132, "fields": {"name": "Guayacanes", "provincia": 28}}, {"model": "location.municipio", "pk": 133, "fields": {"name": "Quisqueya", "provincia": 28}}, {"model": "location.municipio", "pk": 134, "fields": {"name": "Ram\u00f3n Santana", "provincia": 28}}, {"model": "location.municipio", "pk": 135, "fields": {"name": "San Jos\u00e9 de Los Llanos", "provincia": 28}}, {"model": "location.municipio", "pk": 136, "fields": {"name": "Santiago", "provincia": 29}}, {"model": "location.municipio", "pk": 137, "fields": {"name": "Bison\u00f3", "provincia": 29}}, {"model": "location.municipio", "pk": 138, "fields": {"name": "J\u00e1nico", "provincia": 29}}, {"model": "location.municipio", "pk": 139, "fields": {"name": "Licey al Medio", "provincia": 29}}, {"model": "location.municipio", "pk": 140, "fields": {"name": "Pu\u00f1al", "provincia": 29}}, {"model": "location.municipio", "pk": 141, "fields": {"name": "Sabana Iglesia", "provincia": 29}}, {"model": "location.municipio", "pk": 142, "fields": {"name": "San Jos\u00e9 de las Matas", "provincia": 29}}, {"model": "location.municipio", "pk": 143, "fields": {"name": "Tamboril", "provincia": 29}}, {"model": "location.municipio", "pk": 144, "fields": {"name": "Villa Gonz\u00e1lez", "provincia": 29}}, {"model": "location.municipio", "pk": 145, "fields": {"name": "San Ignacio de Sabaneta", "provincia": 30}}, {"model": "location.municipio", "pk": 146, "fields": {"name": "Los Alm\u00e1cigos", "provincia": 30}}, {"model": "location.municipio", "pk": 147, "fields": {"name": "Monci\u00f3n", "provincia": 30}}, {"model": "location.municipio", "pk": 148, "fields": {"name": "Santo Domingo Este", "provincia": 31}}, {"model": "location.municipio", "pk": 149, "fields": {"name": "Boca Chica", "provincia": 31}}, {"model": "location.municipio", "pk": 150, "fields": {"name": "Los Alcarrizos", "provincia": 31}}, {"model": "location.municipio", "pk": 151, "fields": {"name": "Pedro Brand", "provincia": 31}}, {"model": "location.municipio", "pk": 152, "fields": {"name": "San Antonio de Guerra", "provincia": 31}}, {"model": "location.municipio", "pk": 153, "fields": {"name": "Santo Domingo Norte", "provincia": 31}}, {"model": "location.municipio", "pk": 154, "fields": {"name": "Santo Domingo Oeste", "provincia": 31}}, {"model": "location.municipio", "pk": 155, "fields": {"name": "Mao", "provincia": 32}}, {"model": "location.municipio", "pk": 156, "fields": {"name": "Esperanza", "provincia": 32}}, {"model": "location.municipio", "pk": 157, "fields": {"name": "Laguna Salada", "provincia": 32}}, {"model": "contenttypes.contenttype", "pk": 1, "fields": {"app_label": "admin", "model": "logentry"}}, {"model": "contenttypes.contenttype", "pk": 2, "fields": {"app_label": "auth", "model": "permission"}}, {"model": "contenttypes.contenttype", "pk": 3, "fields": {"app_label": "auth", "model": "group"}}, {"model": "contenttypes.contenttype", "pk": 4, "fields": {"app_label": "auth", "model": "user"}}, {"model": "contenttypes.contenttype", "pk": 5, "fields": {"app_label": "contenttypes", "model": "contenttype"}}, {"model": "contenttypes.contenttype", "pk": 6, "fields": {"app_label": "sessions", "model": "session"}}, {"model": "contenttypes.contenttype", "pk": 7, "fields": {"app_label": "blog", "model": "post"}}, {"model": "contenttypes.contenttype", "pk": 8, "fields": {"app_label": "users", "model": "profile"}}, {"model": "contenttypes.contenttype", "pk": 9, "fields": {"app_label": "Patients", "model": "patient"}}, {"model": "contenttypes.contenttype", "pk": 10, "fields": {"app_label": "vaccine", "model": "vaccine"}}, {"model": "contenttypes.contenttype", "pk": 11, "fields": {"app_label": "location", "model": "municipio"}}, {"model": "contenttypes.contenttype", "pk": 12, "fields": {"app_label": "location", "model": "provincia"}}, {"model": "contenttypes.contenttype", "pk": 13, "fields": {"app_label": "location", "model": "maplocation"}}, {"model": "sessions.session", "pk": "0btfy1gb0nalpvxxzjepcxi7uvj2i27t", "fields": {"session_data": "YzU2Zjg3OWIwMjcyOGViN2VlZWM3YWVhOTkwOGMxMDE1Y2QyZTJiYTp7Il9hdXRoX3VzZXJfaWQiOiIxIiwiX2F1dGhfdXNlcl9iYWNrZW5kIjoiZGphbmdvLmNvbnRyaWIuYXV0aC5iYWNrZW5kcy5Nb2RlbEJhY2tlbmQiLCJfYXV0aF91c2VyX2hhc2giOiI1NjU4NzBiMDU0NzBkMDgxMGJjZmFlODU3NjEzMzc0YWNiMWI0M2E4In0=", "expire_date": "2020-12-10T19:42:23.115Z"}}, {"model": "sessions.session", "pk": "4a37adqgl2hjj1h0fjp3anfwgpdkfbtq", "fields": {"session_data": "N2E3MjlhMmY4MWY1N2Y3ZjA4MWRhZTZiMzRkMDlmMzg2YmRhNDc0OTp7Il9hdXRoX3VzZXJfaWQiOiIxIiwiX2F1dGhfdXNlcl9iYWNrZW5kIjoiZGphbmdvLmNvbnRyaWIuYXV0aC5iYWNrZW5kcy5Nb2RlbEJhY2tlbmQiLCJfYXV0aF91c2VyX2hhc2giOiI2NzBlNGQ0MDRiMGQ0MTdjMWQwMTZkNDQ4M2JiOGRhOTNiM2IxZDI1In0=", "expire_date": "2020-09-25T00:53:30.881Z"}}, {"model": "sessions.session", "pk": "9msfw3cr0ohe0bm7jnt8msxgfqsnn6qw", "fields": {"session_data": "YzU2Zjg3OWIwMjcyOGViN2VlZWM3YWVhOTkwOGMxMDE1Y2QyZTJiYTp7Il9hdXRoX3VzZXJfaWQiOiIxIiwiX2F1dGhfdXNlcl9iYWNrZW5kIjoiZGphbmdvLmNvbnRyaWIuYXV0aC5iYWNrZW5kcy5Nb2RlbEJhY2tlbmQiLCJfYXV0aF91c2VyX2hhc2giOiI1NjU4NzBiMDU0NzBkMDgxMGJjZmFlODU3NjEzMzc0YWNiMWI0M2E4In0=", "expire_date": "2020-12-10T20:35:39.546Z"}}, {"model": "sessions.session", "pk": "dqrjz4nbwcslbuk0ss6nw1asv4dicog2", "fields": {"session_data": "YzU2Zjg3OWIwMjcyOGViN2VlZWM3YWVhOTkwOGMxMDE1Y2QyZTJiYTp7Il9hdXRoX3VzZXJfaWQiOiIxIiwiX2F1dGhfdXNlcl9iYWNrZW5kIjoiZGphbmdvLmNvbnRyaWIuYXV0aC5iYWNrZW5kcy5Nb2RlbEJhY2tlbmQiLCJfYXV0aF91c2VyX2hhc2giOiI1NjU4NzBiMDU0NzBkMDgxMGJjZmFlODU3NjEzMzc0YWNiMWI0M2E4In0=", "expire_date": "2020-11-26T12:19:10.072Z"}}, {"model": "sessions.session", "pk": "jfjcjea7iqw8a8w594nj0hp5h2rpfvtu", "fields": {"session_data": "ZGNjNDQ0N2Q0ZTMwNzUwZjJmMzVhYTFkNGM0NzhiNjE4NTE0YjM4MTp7Il9hdXRoX3VzZXJfaWQiOiIxIiwiX2F1dGhfdXNlcl9iYWNrZW5kIjoiZGphbmdvLmNvbnRyaWIuYXV0aC5iYWNrZW5kcy5Nb2RlbEJhY2tlbmQiLCJfYXV0aF91c2VyX2hhc2giOiI3NDFjNWVkMmJkYWY3ZTRlMmQwNGJjZDcyODM2MmMzYmViYzRjYTUwIn0=", "expire_date": "2020-08-08T00:22:50.213Z"}}, {"model": "sessions.session", "pk": "ki8sr7nx4vaz91kmi6bmh8mbom02ee92", "fields": {"session_data": "YzU2Zjg3OWIwMjcyOGViN2VlZWM3YWVhOTkwOGMxMDE1Y2QyZTJiYTp7Il9hdXRoX3VzZXJfaWQiOiIxIiwiX2F1dGhfdXNlcl9iYWNrZW5kIjoiZGphbmdvLmNvbnRyaWIuYXV0aC5iYWNrZW5kcy5Nb2RlbEJhY2tlbmQiLCJfYXV0aF91c2VyX2hhc2giOiI1NjU4NzBiMDU0NzBkMDgxMGJjZmFlODU3NjEzMzc0YWNiMWI0M2E4In0=", "expire_date": "2020-12-10T17:36:53.165Z"}}, {"model": "sessions.session", "pk": "o8tnbbagygmaqt6cammku0pulg2ggzs6", "fields": {"session_data": "YzU2Zjg3OWIwMjcyOGViN2VlZWM3YWVhOTkwOGMxMDE1Y2QyZTJiYTp7Il9hdXRoX3VzZXJfaWQiOiIxIiwiX2F1dGhfdXNlcl9iYWNrZW5kIjoiZGphbmdvLmNvbnRyaWIuYXV0aC5iYWNrZW5kcy5Nb2RlbEJhY2tlbmQiLCJfYXV0aF91c2VyX2hhc2giOiI1NjU4NzBiMDU0NzBkMDgxMGJjZmFlODU3NjEzMzc0YWNiMWI0M2E4In0=", "expire_date": "2020-12-10T13:18:50.121Z"}}, {"model": "sessions.session", "pk": "tfn7wq47ldxvckszdg5mhxbpzaqpg5d5", "fields": {"session_data": "MzhjM2FjYTE4MjI2OWZkYWM1NTI2OGJlNTNlYTgwYTZjM2FlMjA5Yzp7Il9hdXRoX3VzZXJfaWQiOiIxMiIsIl9hdXRoX3VzZXJfYmFja2VuZCI6ImRqYW5nby5jb250cmliLmF1dGguYmFja2VuZHMuTW9kZWxCYWNrZW5kIiwiX2F1dGhfdXNlcl9oYXNoIjoiYWJmODIwMWI1NTUyNDIzZjlkZjcwNThjNjhhYmY3Yjk0YjEzYWQ2NiJ9", "expire_date": "2020-12-08T23:30:33.714Z"}}, {"model": "sessions.session", "pk": "ypm7h9c14j695n8uqqi2wvnxaehwwck9", "fields": {"session_data": "NWEyNDU5NmY2MTYzNjRlOWViYWZmMGQ4OTA1NmNhNGVlZjQwY2Q2Njp7Il9hdXRoX3VzZXJfaWQiOiI5IiwiX2F1dGhfdXNlcl9iYWNrZW5kIjoiZGphbmdvLmNvbnRyaWIuYXV0aC5iYWNrZW5kcy5Nb2RlbEJhY2tlbmQiLCJfYXV0aF91c2VyX2hhc2giOiJkNjgyZTNjYzU3OGJhY2ZkZDM0YTM4MDYyMTJlMmY4NmI3ODJkNzVjIn0=", "expire_date": "2020-09-25T00:20:50.284Z"}}, {"model": "auth.permission", "pk": 1, "fields": {"name": "Can add log entry", "content_type": 1, "codename": "add_logentry"}}, {"model": "auth.permission", "pk": 2, "fields": {"name": "Can change log entry", "content_type": 1, "codename": "change_logentry"}}, {"model": "auth.permission", "pk": 3, "fields": {"name": "Can delete log entry", "content_type": 1, "codename": "delete_logentry"}}, {"model": "auth.permission", "pk": 4, "fields": {"name": "Can view log entry", "content_type": 1, "codename": "view_logentry"}}, {"model": "auth.permission", "pk": 5, "fields": {"name": "Can add permission", "content_type": 2, "codename": "add_permission"}}, {"model": "auth.permission", "pk": 6, "fields": {"name": "Can change permission", "content_type": 2, "codename": "change_permission"}}, {"model": "auth.permission", "pk": 7, "fields": {"name": "Can delete permission", "content_type": 2, "codename": "delete_permission"}}, {"model": "auth.permission", "pk": 8, "fields": {"name": "Can view permission", "content_type": 2, "codename": "view_permission"}}, {"model": "auth.permission", "pk": 9, "fields": {"name": "Can add group", "content_type": 3, "codename": "add_group"}}, {"model": "auth.permission", "pk": 10, "fields": {"name": "Can change group", "content_type": 3, "codename": "change_group"}}, {"model": "auth.permission", "pk": 11, "fields": {"name": "Can delete group", "content_type": 3, "codename": "delete_group"}}, {"model": "auth.permission", "pk": 12, "fields": {"name": "Can view group", "content_type": 3, "codename": "view_group"}}, {"model": "auth.permission", "pk": 13, "fields": {"name": "Can add user", "content_type": 4, "codename": "add_user"}}, {"model": "auth.permission", "pk": 14, "fields": {"name": "Can change user", "content_type": 4, "codename": "change_user"}}, {"model": "auth.permission", "pk": 15, "fields": {"name": "Can delete user", "content_type": 4, "codename": "delete_user"}}, {"model": "auth.permission", "pk": 16, "fields": {"name": "Can view user", "content_type": 4, "codename": "view_user"}}, {"model": "auth.permission", "pk": 17, "fields": {"name": "Can add content type", "content_type": 5, "codename": "add_contenttype"}}, {"model": "auth.permission", "pk": 18, "fields": {"name": "Can change content type", "content_type": 5, "codename": "change_contenttype"}}, {"model": "auth.permission", "pk": 19, "fields": {"name": "Can delete content type", "content_type": 5, "codename": "delete_contenttype"}}, {"model": "auth.permission", "pk": 20, "fields": {"name": "Can view content type", "content_type": 5, "codename": "view_contenttype"}}, {"model": "auth.permission", "pk": 21, "fields": {"name": "Can add session", "content_type": 6, "codename": "add_session"}}, {"model": "auth.permission", "pk": 22, "fields": {"name": "Can change session", "content_type": 6, "codename": "change_session"}}, {"model": "auth.permission", "pk": 23, "fields": {"name": "Can delete session", "content_type": 6, "codename": "delete_session"}}, {"model": "auth.permission", "pk": 24, "fields": {"name": "Can view session", "content_type": 6, "codename": "view_session"}}, {"model": "auth.permission", "pk": 25, "fields": {"name": "Can add posts", "content_type": 7, "codename": "add_posts"}}, {"model": "auth.permission", "pk": 26, "fields": {"name": "Can change posts", "content_type": 7, "codename": "change_posts"}}, {"model": "auth.permission", "pk": 27, "fields": {"name": "Can delete posts", "content_type": 7, "codename": "delete_posts"}}, {"model": "auth.permission", "pk": 28, "fields": {"name": "Can view posts", "content_type": 7, "codename": "view_posts"}}, {"model": "auth.permission", "pk": 29, "fields": {"name": "Can add post", "content_type": 7, "codename": "add_post"}}, {"model": "auth.permission", "pk": 30, "fields": {"name": "Can change post", "content_type": 7, "codename": "change_post"}}, {"model": "auth.permission", "pk": 31, "fields": {"name": "Can delete post", "content_type": 7, "codename": "delete_post"}}, {"model": "auth.permission", "pk": 32, "fields": {"name": "Can view post", "content_type": 7, "codename": "view_post"}}, {"model": "auth.permission", "pk": 33, "fields": {"name": "Can add profile", "content_type": 8, "codename": "add_profile"}}, {"model": "auth.permission", "pk": 34, "fields": {"name": "Can change profile", "content_type": 8, "codename": "change_profile"}}, {"model": "auth.permission", "pk": 35, "fields": {"name": "Can delete profile", "content_type": 8, "codename": "delete_profile"}}, {"model": "auth.permission", "pk": 36, "fields": {"name": "Can view profile", "content_type": 8, "codename": "view_profile"}}, {"model": "auth.permission", "pk": 37, "fields": {"name": "Can add patient", "content_type": 9, "codename": "add_patient"}}, {"model": "auth.permission", "pk": 38, "fields": {"name": "Can change patient", "content_type": 9, "codename": "change_patient"}}, {"model": "auth.permission", "pk": 39, "fields": {"name": "Can delete patient", "content_type": 9, "codename": "delete_patient"}}, {"model": "auth.permission", "pk": 40, "fields": {"name": "Can view patient", "content_type": 9, "codename": "view_patient"}}, {"model": "auth.permission", "pk": 41, "fields": {"name": "Can add vaccine", "content_type": 10, "codename": "add_vaccine"}}, {"model": "auth.permission", "pk": 42, "fields": {"name": "Can change vaccine", "content_type": 10, "codename": "change_vaccine"}}, {"model": "auth.permission", "pk": 43, "fields": {"name": "Can delete vaccine", "content_type": 10, "codename": "delete_vaccine"}}, {"model": "auth.permission", "pk": 44, "fields": {"name": "Can view vaccine", "content_type": 10, "codename": "view_vaccine"}}, {"model": "auth.permission", "pk": 45, "fields": {"name": "Can add municipio", "content_type": 11, "codename": "add_municipio"}}, {"model": "auth.permission", "pk": 46, "fields": {"name": "Can change municipio", "content_type": 11, "codename": "change_municipio"}}, {"model": "auth.permission", "pk": 47, "fields": {"name": "Can delete municipio", "content_type": 11, "codename": "delete_municipio"}}, {"model": "auth.permission", "pk": 48, "fields": {"name": "Can view municipio", "content_type": 11, "codename": "view_municipio"}}, {"model": "auth.permission", "pk": 49, "fields": {"name": "Can add provincia", "content_type": 12, "codename": "add_provincia"}}, {"model": "auth.permission", "pk": 50, "fields": {"name": "Can change provincia", "content_type": 12, "codename": "change_provincia"}}, {"model": "auth.permission", "pk": 51, "fields": {"name": "Can delete provincia", "content_type": 12, "codename": "delete_provincia"}}, {"model": "auth.permission", "pk": 52, "fields": {"name": "Can view provincia", "content_type": 12, "codename": "view_provincia"}}, {"model": "auth.permission", "pk": 53, "fields": {"name": "Can add map location", "content_type": 13, "codename": "add_maplocation"}}, {"model": "auth.permission", "pk": 54, "fields": {"name": "Can change map location", "content_type": 13, "codename": "change_maplocation"}}, {"model": "auth.permission", "pk": 55, "fields": {"name": "Can delete map location", "content_type": 13, "codename": "delete_maplocation"}}, {"model": "auth.permission", "pk": 56, "fields": {"name": "Can view map location", "content_type": 13, "codename": "view_maplocation"}}, {"model": "auth.user", "pk": 1, "fields": {"password": "pbkdf2_sha256$180000$Mvx3uVbfosNl$geieyyxf+GxFuXqpgHhYefFOacJCBcruyN+sR3PJWUo=", "last_login": "2020-11-26T20:35:39.537Z", "is_superuser": true, "username": "jeanfondeur", "first_name": "Jean", "last_name": "Fondeur", "email": "jean@fondeurs.com", "is_staff": true, "is_active": true, "date_joined": "2020-07-16T23:38:45Z", "groups": [], "user_permissions": []}}, {"model": "admin.logentry", "pk": 1, "fields": {"action_time": "2020-07-16T23:40:46.388Z", "user": 1, "content_type": 4, "object_id": "1", "object_repr": "jeanfondeur", "action_flag": 2, "change_message": "[{\"changed\": {\"fields\": [\"First name\", \"Last name\"]}}]"}}, {"model": "admin.logentry", "pk": 2, "fields": {"action_time": "2020-07-17T00:05:10.747Z", "user": 1, "content_type": 7, "object_id": "1", "object_repr": "Post object (1)", "action_flag": 1, "change_message": "[{\"added\": {}}]"}}, {"model": "admin.logentry", "pk": 3, "fields": {"action_time": "2020-07-17T00:05:20.613Z", "user": 1, "content_type": 7, "object_id": "2", "object_repr": "Post object (2)", "action_flag": 1, "change_message": "[{\"added\": {}}]"}}, {"model": "admin.logentry", "pk": 4, "fields": {"action_time": "2020-07-17T00:05:35.095Z", "user": 1, "content_type": 7, "object_id": "3", "object_repr": "Post object (3)", "action_flag": 1, "change_message": "[{\"added\": {}}]"}}, {"model": "admin.logentry", "pk": 5, "fields": {"action_time": "2020-07-25T00:21:47.781Z", "user": 1, "content_type": 4, "object_id": "2", "object_repr": "jfondeur", "action_flag": 2, "change_message": "[{\"changed\": {\"fields\": [\"password\"]}}]"}}, {"model": "admin.logentry", "pk": 6, "fields": {"action_time": "2020-07-25T00:22:50.204Z", "user": 1, "content_type": 4, "object_id": "1", "object_repr": "jeanfondeur", "action_flag": 2, "change_message": "[{\"changed\": {\"fields\": [\"password\"]}}]"}}, {"model": "admin.logentry", "pk": 7, "fields": {"action_time": "2020-07-27T23:39:49.410Z", "user": 1, "content_type": 8, "object_id": "1", "object_repr": "Profile object (1)", "action_flag": 1, "change_message": "[{\"added\": {}}]"}}, {"model": "admin.logentry", "pk": 8, "fields": {"action_time": "2020-07-27T23:55:59.172Z", "user": 1, "content_type": 8, "object_id": "1", "object_repr": "elea", "action_flag": 3, "change_message": ""}}, {"model": "admin.logentry", "pk": 9, "fields": {"action_time": "2020-07-27T23:57:21.055Z", "user": 1, "content_type": 8, "object_id": "2", "object_repr": "elea", "action_flag": 1, "change_message": "[{\"added\": {}}]"}}, {"model": "admin.logentry", "pk": 10, "fields": {"action_time": "2020-07-28T00:09:54.081Z", "user": 1, "content_type": 8, "object_id": "2", "object_repr": "elea", "action_flag": 2, "change_message": "[{\"changed\": {\"fields\": [\"Image\"]}}]"}}, {"model": "admin.logentry", "pk": 11, "fields": {"action_time": "2020-07-28T00:26:24.220Z", "user": 1, "content_type": 4, "object_id": "4", "object_repr": "elea", "action_flag": 2, "change_message": "[{\"changed\": {\"fields\": [\"First name\", \"Last name\"]}}]"}}, {"model": "admin.logentry", "pk": 12, "fields": {"action_time": "2020-07-28T00:45:41.523Z", "user": 1, "content_type": 4, "object_id": "5", "object_repr": "david", "action_flag": 3, "change_message": ""}}, {"model": "admin.logentry", "pk": 13, "fields": {"action_time": "2020-07-28T00:45:41.527Z", "user": 1, "content_type": 4, "object_id": "2", "object_repr": "jfondeur", "action_flag": 3, "change_message": ""}}, {"model": "admin.logentry", "pk": 14, "fields": {"action_time": "2020-07-28T00:45:41.529Z", "user": 1, "content_type": 4, "object_id": "6", "object_repr": "patricia", "action_flag": 3, "change_message": ""}}, {"model": "admin.logentry", "pk": 15, "fields": {"action_time": "2020-07-28T00:45:41.531Z", "user": 1, "content_type": 4, "object_id": "3", "object_repr": "turalocommg", "action_flag": 3, "change_message": ""}}, {"model": "admin.logentry", "pk": 18, "fields": {"action_time": "2020-11-12T12:19:47.661Z", "user": 1, "content_type": 4, "object_id": "4", "object_repr": "elea", "action_flag": 3, "change_message": ""}}, {"model": "admin.logentry", "pk": 19, "fields": {"action_time": "2020-11-12T12:19:47.665Z", "user": 1, "content_type": 4, "object_id": "8", "object_repr": "jean", "action_flag": 3, "change_message": ""}}, {"model": "admin.logentry", "pk": 20, "fields": {"action_time": "2020-11-12T12:19:47.667Z", "user": 1, "content_type": 4, "object_id": "7", "object_repr": "patricia", "action_flag": 3, "change_message": ""}}, {"model": "admin.logentry", "pk": 21, "fields": {"action_time": "2020-11-14T15:28:50.437Z", "user": 1, "content_type": 9, "object_id": "1", "object_repr": "Patient object (1)", "action_flag": 1, "change_message": "[{\"added\": {}}]"}}, {"model": "admin.logentry", "pk": 22, "fields": {"action_time": "2020-11-14T16:04:48.265Z", "user": 1, "content_type": 10, "object_id": "1", "object_repr": "Vaccine object (1)", "action_flag": 1, "change_message": "[{\"added\": {}}]"}}, {"model": "admin.logentry", "pk": 23, "fields": {"action_time": "2020-11-14T16:24:38.349Z", "user": 1, "content_type": 4, "object_id": "10", "object_repr": "use", "action_flag": 2, "change_message": "[{\"changed\": {\"fields\": [\"First name\", \"Last name\"]}}]"}}, {"model": "admin.logentry", "pk": 24, "fields": {"action_time": "2020-11-14T17:11:55.434Z", "user": 1, "content_type": 9, "object_id": "2", "object_repr": "Bruno Diaz", "action_flag": 1, "change_message": "[{\"added\": {}}]"}}, {"model": "admin.logentry", "pk": 25, "fields": {"action_time": "2020-11-14T17:40:58.898Z", "user": 1, "content_type": 12, "object_id": "1", "object_repr": "Provincia object (1)", "action_flag": 1, "change_message": "[{\"added\": {}}]"}}, {"model": "admin.logentry", "pk": 26, "fields": {"action_time": "2020-11-14T17:41:37.455Z", "user": 1, "content_type": 11, "object_id": "1", "object_repr": "Municipio object (1)", "action_flag": 1, "change_message": "[{\"added\": {}}]"}}, {"model": "admin.logentry", "pk": 27, "fields": {"action_time": "2020-11-14T17:49:01.268Z", "user": 1, "content_type": 9, "object_id": "2", "object_repr": "Bruno Diaz", "action_flag": 2, "change_message": "[{\"changed\": {\"fields\": [\"Location\"]}}]"}}, {"model": "admin.logentry", "pk": 28, "fields": {"action_time": "2020-11-14T17:49:10.054Z", "user": 1, "content_type": 9, "object_id": "1", "object_repr": "Jose Canseco", "action_flag": 2, "change_message": "[{\"changed\": {\"fields\": [\"Location\"]}}]"}}, {"model": "admin.logentry", "pk": 29, "fields": {"action_time": "2020-11-16T13:29:41.360Z", "user": 1, "content_type": 9, "object_id": "5", "object_repr": "Jean Carlo Fondeur BM-119682", "action_flag": 3, "change_message": ""}}, {"model": "admin.logentry", "pk": 30, "fields": {"action_time": "2020-11-16T13:29:41.369Z", "user": 1, "content_type": 9, "object_id": "4", "object_repr": "Jean BM-119682", "action_flag": 3, "change_message": ""}}, {"model": "admin.logentry", "pk": 31, "fields": {"action_time": "2020-11-16T13:29:41.374Z", "user": 1, "content_type": 9, "object_id": "3", "object_repr": "Bruno Maquejode", "action_flag": 3, "change_message": ""}}, {"model": "admin.logentry", "pk": 32, "fields": {"action_time": "2020-11-16T13:50:22.065Z", "user": 1, "content_type": 9, "object_id": "12", "object_repr": "Jean Carlo Fondeur BM-119682", "action_flag": 3, "change_message": ""}}, {"model": "admin.logentry", "pk": 33, "fields": {"action_time": "2020-11-16T13:50:22.069Z", "user": 1, "content_type": 9, "object_id": "11", "object_repr": "Jean Carlo Fondeur BM-119682", "action_flag": 3, "change_message": ""}}, {"model": "admin.logentry", "pk": 34, "fields": {"action_time": "2020-11-16T13:50:22.072Z", "user": 1, "content_type": 9, "object_id": "10", "object_repr": "Jean Carlo Fondeur BM-119682", "action_flag": 3, "change_message": ""}}, {"model": "admin.logentry", "pk": 35, "fields": {"action_time": "2020-11-16T13:50:22.076Z", "user": 1, "content_type": 9, "object_id": "9", "object_repr": "Jean Carlo Fondeur BM-119682", "action_flag": 3, "change_message": ""}}, {"model": "admin.logentry", "pk": 36, "fields": {"action_time": "2020-11-16T13:50:22.080Z", "user": 1, "content_type": 9, "object_id": "8", "object_repr": "Jean Carlo Fondeur BM-119682", "action_flag": 3, "change_message": ""}}, {"model": "admin.logentry", "pk": 37, "fields": {"action_time": "2020-11-16T13:50:22.085Z", "user": 1, "content_type": 9, "object_id": "7", "object_repr": "Jean Carlo Fondeur BM-119682", "action_flag": 3, "change_message": ""}}, {"model": "admin.logentry", "pk": 38, "fields": {"action_time": "2020-11-22T17:16:46.952Z", "user": 1, "content_type": 12, "object_id": "2", "object_repr": "Santo Domingo", "action_flag": 1, "change_message": "[{\"added\": {}}]"}}, {"model": "admin.logentry", "pk": 39, "fields": {"action_time": "2020-11-22T17:17:04.139Z", "user": 1, "content_type": 11, "object_id": "2", "object_repr": "Santo Domingo Este", "action_flag": 1, "change_message": "[{\"added\": {}}]"}}, {"model": "admin.logentry", "pk": 40, "fields": {"action_time": "2020-11-24T23:09:48.346Z", "user": 1, "content_type": 9, "object_id": "16", "object_repr": "Danilo Medina", "action_flag": 3, "change_message": ""}}, {"model": "admin.logentry", "pk": 41, "fields": {"action_time": "2020-11-24T23:09:48.370Z", "user": 1, "content_type": 9, "object_id": "15", "object_repr": "Milkeya Kalaf", "action_flag": 3, "change_message": ""}}, {"model": "admin.logentry", "pk": 42, "fields": {"action_time": "2020-11-24T23:09:48.373Z", "user": 1, "content_type": 9, "object_id": "14", "object_repr": "david canceco", "action_flag": 3, "change_message": ""}}, {"model": "admin.logentry", "pk": 43, "fields": {"action_time": "2020-11-24T23:09:48.375Z", "user": 1, "content_type": 9, "object_id": "13", "object_repr": "Caro lina", "action_flag": 3, "change_message": ""}}, {"model": "admin.logentry", "pk": 44, "fields": {"action_time": "2020-11-24T23:09:48.378Z", "user": 1, "content_type": 9, "object_id": "6", "object_repr": "Josefina Lalala", "action_flag": 3, "change_message": ""}}, {"model": "admin.logentry", "pk": 45, "fields": {"action_time": "2020-11-24T23:09:48.382Z", "user": 1, "content_type": 9, "object_id": "2", "object_repr": "Bruno Diaz", "action_flag": 3, "change_message": ""}}, {"model": "admin.logentry", "pk": 46, "fields": {"action_time": "2020-11-24T23:09:48.385Z", "user": 1, "content_type": 9, "object_id": "1", "object_repr": "Jose Canseco", "action_flag": 3, "change_message": ""}}, {"model": "admin.logentry", "pk": 47, "fields": {"action_time": "2020-11-24T23:10:05.652Z", "user": 1, "content_type": 11, "object_id": "2", "object_repr": "Santo Domingo Este", "action_flag": 3, "change_message": ""}}, {"model": "admin.logentry", "pk": 48, "fields": {"action_time": "2020-11-24T23:10:05.656Z", "user": 1, "content_type": 11, "object_id": "1", "object_repr": "Veron - Punta Cana - Macao", "action_flag": 3, "change_message": ""}}, {"model": "admin.logentry", "pk": 49, "fields": {"action_time": "2020-11-24T23:10:18.547Z", "user": 1, "content_type": 12, "object_id": "2", "object_repr": "Santo Domingo", "action_flag": 3, "change_message": ""}}, {"model": "admin.logentry", "pk": 50, "fields": {"action_time": "2020-11-24T23:10:18.551Z", "user": 1, "content_type": 12, "object_id": "1", "object_repr": "La Altagracia", "action_flag": 3, "change_message": ""}}, {"model": "admin.logentry", "pk": 51, "fields": {"action_time": "2020-11-24T23:12:55.034Z", "user": 1, "content_type": 12, "object_id": "1", "object_repr": "Azua", "action_flag": 1, "change_message": "new through import_export"}}, {"model": "admin.logentry", "pk": 52, "fields": {"action_time": "2020-11-24T23:12:55.038Z", "user": 1, "content_type": 12, "object_id": "2", "object_repr": "Bahoruco", "action_flag": 1, "change_message": "new through import_export"}}, {"model": "admin.logentry", "pk": 53, "fields": {"action_time": "2020-11-24T23:12:55.041Z", "user": 1, "content_type": 12, "object_id": "3", "object_repr": "Barahona", "action_flag": 1, "change_message": "new through import_export"}}, {"model": "admin.logentry", "pk": 54, "fields": {"action_time": "2020-11-24T23:12:55.044Z", "user": 1, "content_type": 12, "object_id": "4", "object_repr": "Dajab\u00f3n", "action_flag": 1, "change_message": "new through import_export"}}, {"model": "admin.logentry", "pk": 55, "fields": {"action_time": "2020-11-24T23:12:55.047Z", "user": 1, "content_type": 12, "object_id": "5", "object_repr": "Distrito Nacional", "action_flag": 1, "change_message": "new through import_export"}}, {"model": "admin.logentry", "pk": 56, "fields": {"action_time": "2020-11-24T23:12:55.049Z", "user": 1, "content_type": 12, "object_id": "6", "object_repr": "Duarte", "action_flag": 1, "change_message": "new through import_export"}}, {"model": "admin.logentry", "pk": 57, "fields": {"action_time": "2020-11-24T23:12:55.052Z", "user": 1, "content_type": 12, "object_id": "7", "object_repr": "El\u00edas Pi\u00f1a", "action_flag": 1, "change_message": "new through import_export"}}, {"model": "admin.logentry", "pk": 58, "fields": {"action_time": "2020-11-24T23:12:55.055Z", "user": 1, "content_type": 12, "object_id": "8", "object_repr": "El Seibo", "action_flag": 1, "change_message": "new through import_export"}}, {"model": "admin.logentry", "pk": 59, "fields": {"action_time": "2020-11-24T23:12:55.057Z", "user": 1, "content_type": 12, "object_id": "9", "object_repr": "Espaillat", "action_flag": 1, "change_message": "new through import_export"}}, {"model": "admin.logentry", "pk": 60, "fields": {"action_time": "2020-11-24T23:12:55.064Z", "user": 1, "content_type": 12, "object_id": "10", "object_repr": "Hato Mayor", "action_flag": 1, "change_message": "new through import_export"}}, {"model": "admin.logentry", "pk": 61, "fields": {"action_time": "2020-11-24T23:12:55.069Z", "user": 1, "content_type": 12, "object_id": "11", "object_repr": "Hermanas Mirabal", "action_flag": 1, "change_message": "new through import_export"}}, {"model": "admin.logentry", "pk": 62, "fields": {"action_time": "2020-11-24T23:12:55.072Z", "user": 1, "content_type": 12, "object_id": "12", "object_repr": "Independencia", "action_flag": 1, "change_message": "new through import_export"}}, {"model": "admin.logentry", "pk": 63, "fields": {"action_time": "2020-11-24T23:12:55.074Z", "user": 1, "content_type": 12, "object_id": "13", "object_repr": "La Altagracia", "action_flag": 1, "change_message": "new through import_export"}}, {"model": "admin.logentry", "pk": 64, "fields": {"action_time": "2020-11-24T23:12:55.082Z", "user": 1, "content_type": 12, "object_id": "14", "object_repr": "La Romana", "action_flag": 1, "change_message": "new through import_export"}}, {"model": "admin.logentry", "pk": 65, "fields": {"action_time": "2020-11-24T23:12:55.085Z", "user": 1, "content_type": 12, "object_id": "15", "object_repr": "La Vega", "action_flag": 1, "change_message": "new through import_export"}}, {"model": "admin.logentry", "pk": 66, "fields": {"action_time": "2020-11-24T23:12:55.088Z", "user": 1, "content_type": 12, "object_id": "16", "object_repr": "Mar\u00eda Trinidad S\u00e1nchez", "action_flag": 1, "change_message": "new through import_export"}}, {"model": "admin.logentry", "pk": 67, "fields": {"action_time": "2020-11-24T23:12:55.090Z", "user": 1, "content_type": 12, "object_id": "17", "object_repr": "Monse\u00f1or Nouel", "action_flag": 1, "change_message": "new through import_export"}}, {"model": "admin.logentry", "pk": 68, "fields": {"action_time": "2020-11-24T23:12:55.095Z", "user": 1, "content_type": 12, "object_id": "18", "object_repr": "Monte Cristi", "action_flag": 1, "change_message": "new through import_export"}}, {"model": "admin.logentry", "pk": 69, "fields": {"action_time": "2020-11-24T23:12:55.098Z", "user": 1, "content_type": 12, "object_id": "19", "object_repr": "Monte Plata", "action_flag": 1, "change_message": "new through import_export"}}, {"model": "admin.logentry", "pk": 70, "fields": {"action_time": "2020-11-24T23:12:55.100Z", "user": 1, "content_type": 12, "object_id": "20", "object_repr": "Pedernales", "action_flag": 1, "change_message": "new through import_export"}}, {"model": "admin.logentry", "pk": 71, "fields": {"action_time": "2020-11-24T23:12:55.103Z", "user": 1, "content_type": 12, "object_id": "21", "object_repr": "Peravia", "action_flag": 1, "change_message": "new through import_export"}}, {"model": "admin.logentry", "pk": 72, "fields": {"action_time": "2020-11-24T23:12:55.106Z", "user": 1, "content_type": 12, "object_id": "22", "object_repr": "Puerto Plata", "action_flag": 1, "change_message": "new through import_export"}}, {"model": "admin.logentry", "pk": 73, "fields": {"action_time": "2020-11-24T23:12:55.108Z", "user": 1, "content_type": 12, "object_id": "23", "object_repr": "Saman\u00e1", "action_flag": 1, "change_message": "new through import_export"}}, {"model": "admin.logentry", "pk": 74, "fields": {"action_time": "2020-11-24T23:12:55.111Z", "user": 1, "content_type": 12, "object_id": "24", "object_repr": "S\u00e1nchez Ram\u00edrez", "action_flag": 1, "change_message": "new through import_export"}}, {"model": "admin.logentry", "pk": 75, "fields": {"action_time": "2020-11-24T23:12:55.115Z", "user": 1, "content_type": 12, "object_id": "25", "object_repr": "San Crist\u00f3bal", "action_flag": 1, "change_message": "new through import_export"}}, {"model": "admin.logentry", "pk": 76, "fields": {"action_time": "2020-11-24T23:12:55.118Z", "user": 1, "content_type": 12, "object_id": "26", "object_repr": "San Jos\u00e9 de Ocoa", "action_flag": 1, "change_message": "new through import_export"}}, {"model": "admin.logentry", "pk": 77, "fields": {"action_time": "2020-11-24T23:12:55.122Z", "user": 1, "content_type": 12, "object_id": "27", "object_repr": "San Juan", "action_flag": 1, "change_message": "new through import_export"}}, {"model": "admin.logentry", "pk": 78, "fields": {"action_time": "2020-11-24T23:12:55.126Z", "user": 1, "content_type": 12, "object_id": "28", "object_repr": "San Pedro de Macor\u00eds", "action_flag": 1, "change_message": "new through import_export"}}, {"model": "admin.logentry", "pk": 79, "fields": {"action_time": "2020-11-24T23:12:55.129Z", "user": 1, "content_type": 12, "object_id": "29", "object_repr": "Santiago", "action_flag": 1, "change_message": "new through import_export"}}, {"model": "admin.logentry", "pk": 80, "fields": {"action_time": "2020-11-24T23:12:55.132Z", "user": 1, "content_type": 12, "object_id": "30", "object_repr": "Santiago Rodr\u00edguez", "action_flag": 1, "change_message": "new through import_export"}}, {"model": "admin.logentry", "pk": 81, "fields": {"action_time": "2020-11-24T23:12:55.134Z", "user": 1, "content_type": 12, "object_id": "31", "object_repr": "Santo Domingo", "action_flag": 1, "change_message": "new through import_export"}}, {"model": "admin.logentry", "pk": 82, "fields": {"action_time": "2020-11-24T23:12:55.137Z", "user": 1, "content_type": 12, "object_id": "32", "object_repr": "Valverde", "action_flag": 1, "change_message": "new through import_export"}}, {"model": "admin.logentry", "pk": 83, "fields": {"action_time": "2020-11-24T23:26:53.735Z", "user": 1, "content_type": 11, "object_id": "3", "object_repr": "Azua de Compostela", "action_flag": 1, "change_message": "new through import_export"}}, {"model": "admin.logentry", "pk": 84, "fields": {"action_time": "2020-11-24T23:26:53.740Z", "user": 1, "content_type": 11, "object_id": "4", "object_repr": "Esteban\u00eda", "action_flag": 1, "change_message": "new through import_export"}}, {"model": "admin.logentry", "pk": 85, "fields": {"action_time": "2020-11-24T23:26:53.742Z", "user": 1, "content_type": 11, "object_id": "5", "object_repr": "Guayabal", "action_flag": 1, "change_message": "new through import_export"}}, {"model": "admin.logentry", "pk": 86, "fields": {"action_time": "2020-11-24T23:26:53.748Z", "user": 1, "content_type": 11, "object_id": "6", "object_repr": "Las Charcas", "action_flag": 1, "change_message": "new through import_export"}}, {"model": "admin.logentry", "pk": 87, "fields": {"action_time": "2020-11-24T23:26:53.769Z", "user": 1, "content_type": 11, "object_id": "7", "object_repr": "Las Yayas de Viajama", "action_flag": 1, "change_message": "new through import_export"}}, {"model": "admin.logentry", "pk": 88, "fields": {"action_time": "2020-11-24T23:26:53.773Z", "user": 1, "content_type": 11, "object_id": "8", "object_repr": "Padre Las Casas", "action_flag": 1, "change_message": "new through import_export"}}, {"model": "admin.logentry", "pk": 89, "fields": {"action_time": "2020-11-24T23:26:53.777Z", "user": 1, "content_type": 11, "object_id": "9", "object_repr": "Peralta", "action_flag": 1, "change_message": "new through import_export"}}, {"model": "admin.logentry", "pk": 90, "fields": {"action_time": "2020-11-24T23:26:53.784Z", "user": 1, "content_type": 11, "object_id": "10", "object_repr": "Pueblo Viejo", "action_flag": 1, "change_message": "new through import_export"}}, {"model": "admin.logentry", "pk": 91, "fields": {"action_time": "2020-11-24T23:26:53.788Z", "user": 1, "content_type": 11, "object_id": "11", "object_repr": "Sabana Yegua", "action_flag": 1, "change_message": "new through import_export"}}, {"model": "admin.logentry", "pk": 92, "fields": {"action_time": "2020-11-24T23:26:53.791Z", "user": 1, "content_type": 11, "object_id": "12", "object_repr": "T\u00e1bara Arriba", "action_flag": 1, "change_message": "new through import_export"}}, {"model": "admin.logentry", "pk": 93, "fields": {"action_time": "2020-11-24T23:26:53.797Z", "user": 1, "content_type": 11, "object_id": "13", "object_repr": "Neiba", "action_flag": 1, "change_message": "new through import_export"}}, {"model": "admin.logentry", "pk": 94, "fields": {"action_time": "2020-11-24T23:26:53.803Z", "user": 1, "content_type": 11, "object_id": "14", "object_repr": "Galv\u00e1n", "action_flag": 1, "change_message": "new through import_export"}}, {"model": "admin.logentry", "pk": 95, "fields": {"action_time": "2020-11-24T23:26:53.819Z", "user": 1, "content_type": 11, "object_id": "15", "object_repr": "Los R\u00edos", "action_flag": 1, "change_message": "new through import_export"}}, {"model": "admin.logentry", "pk": 96, "fields": {"action_time": "2020-11-24T23:26:53.831Z", "user": 1, "content_type": 11, "object_id": "16", "object_repr": "Tamayo", "action_flag": 1, "change_message": "new through import_export"}}, {"model": "admin.logentry", "pk": 97, "fields": {"action_time": "2020-11-24T23:26:53.841Z", "user": 1, "content_type": 11, "object_id": "17", "object_repr": "Villa Jaragua", "action_flag": 1, "change_message": "new through import_export"}}, {"model": "admin.logentry", "pk": 98, "fields": {"action_time": "2020-11-24T23:26:53.881Z", "user": 1, "content_type": 11, "object_id": "18", "object_repr": "Barahona", "action_flag": 1, "change_message": "new through import_export"}}, {"model": "admin.logentry", "pk": 99, "fields": {"action_time": "2020-11-24T23:26:53.884Z", "user": 1, "content_type": 11, "object_id": "19", "object_repr": "Cabral", "action_flag": 1, "change_message": "new through import_export"}}, {"model": "admin.logentry", "pk": 100, "fields": {"action_time": "2020-11-24T23:26:53.889Z", "user": 1, "content_type": 11, "object_id": "20", "object_repr": "El Pe\u00f1\u00f3n", "action_flag": 1, "change_message": "new through import_export"}}, {"model": "admin.logentry", "pk": 101, "fields": {"action_time": "2020-11-24T23:26:53.898Z", "user": 1, "content_type": 11, "object_id": "21", "object_repr": "Enriquillo", "action_flag": 1, "change_message": "new through import_export"}}, {"model": "admin.logentry", "pk": 102, "fields": {"action_time": "2020-11-24T23:26:53.902Z", "user": 1, "content_type": 11, "object_id": "22", "object_repr": "Fundaci\u00f3n", "action_flag": 1, "change_message": "new through import_export"}}, {"model": "admin.logentry", "pk": 103, "fields": {"action_time": "2020-11-24T23:26:53.907Z", "user": 1, "content_type": 11, "object_id": "23", "object_repr": "Jaquimeyes", "action_flag": 1, "change_message": "new through import_export"}}, {"model": "admin.logentry", "pk": 104, "fields": {"action_time": "2020-11-24T23:26:53.913Z", "user": 1, "content_type": 11, "object_id": "24", "object_repr": "La Ci\u00e9naga", "action_flag": 1, "change_message": "new through import_export"}}, {"model": "admin.logentry", "pk": 105, "fields": {"action_time": "2020-11-24T23:26:53.917Z", "user": 1, "content_type": 11, "object_id": "25", "object_repr": "Las Salinas", "action_flag": 1, "change_message": "new through import_export"}}, {"model": "admin.logentry", "pk": 106, "fields": {"action_time": "2020-11-24T23:26:53.922Z", "user": 1, "content_type": 11, "object_id": "26", "object_repr": "Para\u00edso", "action_flag": 1, "change_message": "new through import_export"}}, {"model": "admin.logentry", "pk": 107, "fields": {"action_time": "2020-11-24T23:26:53.926Z", "user": 1, "content_type": 11, "object_id": "27", "object_repr": "Polo", "action_flag": 1, "change_message": "new through import_export"}}, {"model": "admin.logentry", "pk": 108, "fields": {"action_time": "2020-11-24T23:26:53.930Z", "user": 1, "content_type": 11, "object_id": "28", "object_repr": "Vicente Noble", "action_flag": 1, "change_message": "new through import_export"}}, {"model": "admin.logentry", "pk": 109, "fields": {"action_time": "2020-11-24T23:26:53.936Z", "user": 1, "content_type": 11, "object_id": "29", "object_repr": "Dajab\u00f3n", "action_flag": 1, "change_message": "new through import_export"}}, {"model": "admin.logentry", "pk": 110, "fields": {"action_time": "2020-11-24T23:26:53.941Z", "user": 1, "content_type": 11, "object_id": "30", "object_repr": "El Pino", "action_flag": 1, "change_message": "new through import_export"}}, {"model": "admin.logentry", "pk": 111, "fields": {"action_time": "2020-11-24T23:26:53.946Z", "user": 1, "content_type": 11, "object_id": "31", "object_repr": "Loma de Cabrera", "action_flag": 1, "change_message": "new through import_export"}}, {"model": "admin.logentry", "pk": 112, "fields": {"action_time": "2020-11-24T23:26:53.951Z", "user": 1, "content_type": 11, "object_id": "32", "object_repr": "Partido", "action_flag": 1, "change_message": "new through import_export"}}, {"model": "admin.logentry", "pk": 113, "fields": {"action_time": "2020-11-24T23:26:53.956Z", "user": 1, "content_type": 11, "object_id": "33", "object_repr": "Restauraci\u00f3n", "action_flag": 1, "change_message": "new through import_export"}}, {"model": "admin.logentry", "pk": 114, "fields": {"action_time": "2020-11-24T23:26:53.960Z", "user": 1, "content_type": 11, "object_id": "34", "object_repr": "Distrito Nacional", "action_flag": 1, "change_message": "new through import_export"}}, {"model": "admin.logentry", "pk": 115, "fields": {"action_time": "2020-11-24T23:26:53.964Z", "user": 1, "content_type": 11, "object_id": "35", "object_repr": "San Francisco de Macor\u00eds", "action_flag": 1, "change_message": "new through import_export"}}, {"model": "admin.logentry", "pk": 116, "fields": {"action_time": "2020-11-24T23:26:53.968Z", "user": 1, "content_type": 11, "object_id": "36", "object_repr": "Arenoso", "action_flag": 1, "change_message": "new through import_export"}}, {"model": "admin.logentry", "pk": 117, "fields": {"action_time": "2020-11-24T23:26:53.972Z", "user": 1, "content_type": 11, "object_id": "37", "object_repr": "Castillo", "action_flag": 1, "change_message": "new through import_export"}}, {"model": "admin.logentry", "pk": 118, "fields": {"action_time": "2020-11-24T23:26:53.976Z", "user": 1, "content_type": 11, "object_id": "38", "object_repr": "Eugenio Mar\u00eda de Hostos", "action_flag": 1, "change_message": "new through import_export"}}, {"model": "admin.logentry", "pk": 119, "fields": {"action_time": "2020-11-24T23:26:53.980Z", "user": 1, "content_type": 11, "object_id": "39", "object_repr": "Las Gu\u00e1ranas", "action_flag": 1, "change_message": "new through import_export"}}, {"model": "admin.logentry", "pk": 120, "fields": {"action_time": "2020-11-24T23:26:53.983Z", "user": 1, "content_type": 11, "object_id": "40", "object_repr": "Pimentel", "action_flag": 1, "change_message": "new through import_export"}}, {"model": "admin.logentry", "pk": 121, "fields": {"action_time": "2020-11-24T23:26:53.986Z", "user": 1, "content_type": 11, "object_id": "41", "object_repr": "Villa Riva", "action_flag": 1, "change_message": "new through import_export"}}, {"model": "admin.logentry", "pk": 122, "fields": {"action_time": "2020-11-24T23:26:53.990Z", "user": 1, "content_type": 11, "object_id": "42", "object_repr": "Comendador", "action_flag": 1, "change_message": "new through import_export"}}, {"model": "admin.logentry", "pk": 123, "fields": {"action_time": "2020-11-24T23:26:53.994Z", "user": 1, "content_type": 11, "object_id": "43", "object_repr": "B\u00e1nica", "action_flag": 1, "change_message": "new through import_export"}}, {"model": "admin.logentry", "pk": 124, "fields": {"action_time": "2020-11-24T23:26:53.998Z", "user": 1, "content_type": 11, "object_id": "44", "object_repr": "El Llano", "action_flag": 1, "change_message": "new through import_export"}}, {"model": "admin.logentry", "pk": 125, "fields": {"action_time": "2020-11-24T23:26:54.004Z", "user": 1, "content_type": 11, "object_id": "45", "object_repr": "Hondo Valle", "action_flag": 1, "change_message": "new through import_export"}}, {"model": "admin.logentry", "pk": 126, "fields": {"action_time": "2020-11-24T23:26:54.012Z", "user": 1, "content_type": 11, "object_id": "46", "object_repr": "Juan Santiago", "action_flag": 1, "change_message": "new through import_export"}}, {"model": "admin.logentry", "pk": 127, "fields": {"action_time": "2020-11-24T23:26:54.017Z", "user": 1, "content_type": 11, "object_id": "47", "object_repr": "Pedro Santana", "action_flag": 1, "change_message": "new through import_export"}}, {"model": "admin.logentry", "pk": 128, "fields": {"action_time": "2020-11-24T23:26:54.021Z", "user": 1, "content_type": 11, "object_id": "48", "object_repr": "El Seibo", "action_flag": 1, "change_message": "new through import_export"}}, {"model": "admin.logentry", "pk": 129, "fields": {"action_time": "2020-11-24T23:26:54.024Z", "user": 1, "content_type": 11, "object_id": "49", "object_repr": "Miches", "action_flag": 1, "change_message": "new through import_export"}}, {"model": "admin.logentry", "pk": 130, "fields": {"action_time": "2020-11-24T23:26:54.027Z", "user": 1, "content_type": 11, "object_id": "50", "object_repr": "Moca", "action_flag": 1, "change_message": "new through import_export"}}, {"model": "admin.logentry", "pk": 131, "fields": {"action_time": "2020-11-24T23:26:54.031Z", "user": 1, "content_type": 11, "object_id": "51", "object_repr": "Cayetano Germos\u00e9n", "action_flag": 1, "change_message": "new through import_export"}}, {"model": "admin.logentry", "pk": 132, "fields": {"action_time": "2020-11-24T23:26:54.035Z", "user": 1, "content_type": 11, "object_id": "52", "object_repr": "Gaspar Hern\u00e1ndez", "action_flag": 1, "change_message": "new through import_export"}}, {"model": "admin.logentry", "pk": 133, "fields": {"action_time": "2020-11-24T23:26:54.040Z", "user": 1, "content_type": 11, "object_id": "53", "object_repr": "Jamao al Norte", "action_flag": 1, "change_message": "new through import_export"}}, {"model": "admin.logentry", "pk": 134, "fields": {"action_time": "2020-11-24T23:26:54.043Z", "user": 1, "content_type": 11, "object_id": "54", "object_repr": "Hato Mayor del Rey", "action_flag": 1, "change_message": "new through import_export"}}, {"model": "admin.logentry", "pk": 135, "fields": {"action_time": "2020-11-24T23:26:54.052Z", "user": 1, "content_type": 11, "object_id": "55", "object_repr": "El Valle", "action_flag": 1, "change_message": "new through import_export"}}, {"model": "admin.logentry", "pk": 136, "fields": {"action_time": "2020-11-24T23:26:54.063Z", "user": 1, "content_type": 11, "object_id": "56", "object_repr": "Sabana de la Mar", "action_flag": 1, "change_message": "new through import_export"}}, {"model": "admin.logentry", "pk": 137, "fields": {"action_time": "2020-11-24T23:26:54.066Z", "user": 1, "content_type": 11, "object_id": "57", "object_repr": "Salcedo", "action_flag": 1, "change_message": "new through import_export"}}, {"model": "admin.logentry", "pk": 138, "fields": {"action_time": "2020-11-24T23:26:54.071Z", "user": 1, "content_type": 11, "object_id": "58", "object_repr": "Tenares", "action_flag": 1, "change_message": "new through import_export"}}, {"model": "admin.logentry", "pk": 139, "fields": {"action_time": "2020-11-24T23:26:54.076Z", "user": 1, "content_type": 11, "object_id": "59", "object_repr": "Villa Tapia", "action_flag": 1, "change_message": "new through import_export"}}, {"model": "admin.logentry", "pk": 140, "fields": {"action_time": "2020-11-24T23:26:54.079Z", "user": 1, "content_type": 11, "object_id": "60", "object_repr": "Jiman\u00ed", "action_flag": 1, "change_message": "new through import_export"}}, {"model": "admin.logentry", "pk": 141, "fields": {"action_time": "2020-11-24T23:26:54.084Z", "user": 1, "content_type": 11, "object_id": "61", "object_repr": "Crist\u00f3bal", "action_flag": 1, "change_message": "new through import_export"}}, {"model": "admin.logentry", "pk": 142, "fields": {"action_time": "2020-11-24T23:26:54.088Z", "user": 1, "content_type": 11, "object_id": "62", "object_repr": "Duverg\u00e9", "action_flag": 1, "change_message": "new through import_export"}}, {"model": "admin.logentry", "pk": 143, "fields": {"action_time": "2020-11-24T23:26:54.090Z", "user": 1, "content_type": 11, "object_id": "63", "object_repr": "La Descubierta", "action_flag": 1, "change_message": "new through import_export"}}, {"model": "admin.logentry", "pk": 144, "fields": {"action_time": "2020-11-24T23:26:54.094Z", "user": 1, "content_type": 11, "object_id": "64", "object_repr": "Mella", "action_flag": 1, "change_message": "new through import_export"}}, {"model": "admin.logentry", "pk": 145, "fields": {"action_time": "2020-11-24T23:26:54.098Z", "user": 1, "content_type": 11, "object_id": "65", "object_repr": "Postrer R\u00edo", "action_flag": 1, "change_message": "new through import_export"}}, {"model": "admin.logentry", "pk": 146, "fields": {"action_time": "2020-11-24T23:26:54.102Z", "user": 1, "content_type": 11, "object_id": "66", "object_repr": "Hig\u00fcey", "action_flag": 1, "change_message": "new through import_export"}}, {"model": "admin.logentry", "pk": 147, "fields": {"action_time": "2020-11-24T23:26:54.107Z", "user": 1, "content_type": 11, "object_id": "67", "object_repr": "San Rafael del Yuma", "action_flag": 1, "change_message": "new through import_export"}}, {"model": "admin.logentry", "pk": 148, "fields": {"action_time": "2020-11-24T23:26:54.113Z", "user": 1, "content_type": 11, "object_id": "68", "object_repr": "La Romana", "action_flag": 1, "change_message": "new through import_export"}}, {"model": "admin.logentry", "pk": 149, "fields": {"action_time": "2020-11-24T23:26:54.116Z", "user": 1, "content_type": 11, "object_id": "69", "object_repr": "Guaymate", "action_flag": 1, "change_message": "new through import_export"}}, {"model": "admin.logentry", "pk": 150, "fields": {"action_time": "2020-11-24T23:26:54.121Z", "user": 1, "content_type": 11, "object_id": "70", "object_repr": "Villa Hermosa", "action_flag": 1, "change_message": "new through import_export"}}, {"model": "admin.logentry", "pk": 151, "fields": {"action_time": "2020-11-24T23:26:54.125Z", "user": 1, "content_type": 11, "object_id": "71", "object_repr": "La Concepci\u00f3n de La Vega", "action_flag": 1, "change_message": "new through import_export"}}, {"model": "admin.logentry", "pk": 152, "fields": {"action_time": "2020-11-24T23:26:54.130Z", "user": 1, "content_type": 11, "object_id": "72", "object_repr": "Constanza", "action_flag": 1, "change_message": "new through import_export"}}, {"model": "admin.logentry", "pk": 153, "fields": {"action_time": "2020-11-24T23:26:54.134Z", "user": 1, "content_type": 11, "object_id": "73", "object_repr": "Jarabacoa", "action_flag": 1, "change_message": "new through import_export"}}, {"model": "admin.logentry", "pk": 154, "fields": {"action_time": "2020-11-24T23:26:54.138Z", "user": 1, "content_type": 11, "object_id": "74", "object_repr": "Jima Abajo", "action_flag": 1, "change_message": "new through import_export"}}, {"model": "admin.logentry", "pk": 155, "fields": {"action_time": "2020-11-24T23:26:54.142Z", "user": 1, "content_type": 11, "object_id": "75", "object_repr": "Nagua", "action_flag": 1, "change_message": "new through import_export"}}, {"model": "admin.logentry", "pk": 156, "fields": {"action_time": "2020-11-24T23:26:54.146Z", "user": 1, "content_type": 11, "object_id": "76", "object_repr": "Cabrera", "action_flag": 1, "change_message": "new through import_export"}}, {"model": "admin.logentry", "pk": 157, "fields": {"action_time": "2020-11-24T23:26:54.156Z", "user": 1, "content_type": 11, "object_id": "77", "object_repr": "El Factor", "action_flag": 1, "change_message": "new through import_export"}}, {"model": "admin.logentry", "pk": 158, "fields": {"action_time": "2020-11-24T23:26:54.160Z", "user": 1, "content_type": 11, "object_id": "78", "object_repr": "R\u00edo San Juan", "action_flag": 1, "change_message": "new through import_export"}}, {"model": "admin.logentry", "pk": 159, "fields": {"action_time": "2020-11-24T23:26:54.164Z", "user": 1, "content_type": 11, "object_id": "79", "object_repr": "Bonao", "action_flag": 1, "change_message": "new through import_export"}}, {"model": "admin.logentry", "pk": 160, "fields": {"action_time": "2020-11-24T23:26:54.167Z", "user": 1, "content_type": 11, "object_id": "80", "object_repr": "Maim\u00f3n", "action_flag": 1, "change_message": "new through import_export"}}, {"model": "admin.logentry", "pk": 161, "fields": {"action_time": "2020-11-24T23:26:54.171Z", "user": 1, "content_type": 11, "object_id": "81", "object_repr": "Piedra Blanca", "action_flag": 1, "change_message": "new through import_export"}}, {"model": "admin.logentry", "pk": 162, "fields": {"action_time": "2020-11-24T23:26:54.175Z", "user": 1, "content_type": 11, "object_id": "82", "object_repr": "Montecristi", "action_flag": 1, "change_message": "new through import_export"}}, {"model": "admin.logentry", "pk": 163, "fields": {"action_time": "2020-11-24T23:26:54.178Z", "user": 1, "content_type": 11, "object_id": "83", "object_repr": "Casta\u00f1uela", "action_flag": 1, "change_message": "new through import_export"}}, {"model": "admin.logentry", "pk": 164, "fields": {"action_time": "2020-11-24T23:26:54.182Z", "user": 1, "content_type": 11, "object_id": "84", "object_repr": "Guayub\u00edn", "action_flag": 1, "change_message": "new through import_export"}}, {"model": "admin.logentry", "pk": 165, "fields": {"action_time": "2020-11-24T23:26:54.187Z", "user": 1, "content_type": 11, "object_id": "85", "object_repr": "Las Matas de Santa Cruz", "action_flag": 1, "change_message": "new through import_export"}}, {"model": "admin.logentry", "pk": 166, "fields": {"action_time": "2020-11-24T23:26:54.192Z", "user": 1, "content_type": 11, "object_id": "86", "object_repr": "Pepillo Salcedo", "action_flag": 1, "change_message": "new through import_export"}}, {"model": "admin.logentry", "pk": 167, "fields": {"action_time": "2020-11-24T23:26:54.197Z", "user": 1, "content_type": 11, "object_id": "87", "object_repr": "Villa V\u00e1squez", "action_flag": 1, "change_message": "new through import_export"}}, {"model": "admin.logentry", "pk": 168, "fields": {"action_time": "2020-11-24T23:26:54.201Z", "user": 1, "content_type": 11, "object_id": "88", "object_repr": "Monte Plata", "action_flag": 1, "change_message": "new through import_export"}}, {"model": "admin.logentry", "pk": 169, "fields": {"action_time": "2020-11-24T23:26:54.206Z", "user": 1, "content_type": 11, "object_id": "89", "object_repr": "Bayaguana", "action_flag": 1, "change_message": "new through import_export"}}, {"model": "admin.logentry", "pk": 170, "fields": {"action_time": "2020-11-24T23:26:54.213Z", "user": 1, "content_type": 11, "object_id": "90", "object_repr": "Peralvillo", "action_flag": 1, "change_message": "new through import_export"}}, {"model": "admin.logentry", "pk": 171, "fields": {"action_time": "2020-11-24T23:26:54.216Z", "user": 1, "content_type": 11, "object_id": "91", "object_repr": "Sabana Grande de Boy\u00e1", "action_flag": 1, "change_message": "new through import_export"}}, {"model": "admin.logentry", "pk": 172, "fields": {"action_time": "2020-11-24T23:26:54.222Z", "user": 1, "content_type": 11, "object_id": "92", "object_repr": "Yamas\u00e1", "action_flag": 1, "change_message": "new through import_export"}}, {"model": "admin.logentry", "pk": 173, "fields": {"action_time": "2020-11-24T23:26:54.225Z", "user": 1, "content_type": 11, "object_id": "93", "object_repr": "Pedernales", "action_flag": 1, "change_message": "new through import_export"}}, {"model": "admin.logentry", "pk": 174, "fields": {"action_time": "2020-11-24T23:26:54.229Z", "user": 1, "content_type": 11, "object_id": "94", "object_repr": "Oviedo", "action_flag": 1, "change_message": "new through import_export"}}, {"model": "admin.logentry", "pk": 175, "fields": {"action_time": "2020-11-24T23:26:54.233Z", "user": 1, "content_type": 11, "object_id": "95", "object_repr": "Ban\u00ed", "action_flag": 1, "change_message": "new through import_export"}}, {"model": "admin.logentry", "pk": 176, "fields": {"action_time": "2020-11-24T23:26:54.237Z", "user": 1, "content_type": 11, "object_id": "96", "object_repr": "Nizao", "action_flag": 1, "change_message": "new through import_export"}}, {"model": "admin.logentry", "pk": 177, "fields": {"action_time": "2020-11-24T23:26:54.241Z", "user": 1, "content_type": 11, "object_id": "97", "object_repr": "Puerto Plata", "action_flag": 1, "change_message": "new through import_export"}}, {"model": "admin.logentry", "pk": 178, "fields": {"action_time": "2020-11-24T23:26:54.246Z", "user": 1, "content_type": 11, "object_id": "98", "object_repr": "Altamira", "action_flag": 1, "change_message": "new through import_export"}}, {"model": "admin.logentry", "pk": 179, "fields": {"action_time": "2020-11-24T23:26:54.261Z", "user": 1, "content_type": 11, "object_id": "99", "object_repr": "Guananico", "action_flag": 1, "change_message": "new through import_export"}}, {"model": "admin.logentry", "pk": 180, "fields": {"action_time": "2020-11-24T23:26:54.264Z", "user": 1, "content_type": 11, "object_id": "100", "object_repr": "Imbert", "action_flag": 1, "change_message": "new through import_export"}}, {"model": "admin.logentry", "pk": 181, "fields": {"action_time": "2020-11-24T23:26:54.269Z", "user": 1, "content_type": 11, "object_id": "101", "object_repr": "Los Hidalgos", "action_flag": 1, "change_message": "new through import_export"}}, {"model": "admin.logentry", "pk": 182, "fields": {"action_time": "2020-11-24T23:26:54.273Z", "user": 1, "content_type": 11, "object_id": "102", "object_repr": "Luper\u00f3n", "action_flag": 1, "change_message": "new through import_export"}}, {"model": "admin.logentry", "pk": 183, "fields": {"action_time": "2020-11-24T23:26:54.276Z", "user": 1, "content_type": 11, "object_id": "103", "object_repr": "Sos\u00faa", "action_flag": 1, "change_message": "new through import_export"}}, {"model": "admin.logentry", "pk": 184, "fields": {"action_time": "2020-11-24T23:26:54.281Z", "user": 1, "content_type": 11, "object_id": "104", "object_repr": "Villa Isabela", "action_flag": 1, "change_message": "new through import_export"}}, {"model": "admin.logentry", "pk": 185, "fields": {"action_time": "2020-11-24T23:26:54.285Z", "user": 1, "content_type": 11, "object_id": "105", "object_repr": "Villa Montellano", "action_flag": 1, "change_message": "new through import_export"}}, {"model": "admin.logentry", "pk": 186, "fields": {"action_time": "2020-11-24T23:26:54.289Z", "user": 1, "content_type": 11, "object_id": "106", "object_repr": "Saman\u00e1", "action_flag": 1, "change_message": "new through import_export"}}, {"model": "admin.logentry", "pk": 187, "fields": {"action_time": "2020-11-24T23:26:54.291Z", "user": 1, "content_type": 11, "object_id": "107", "object_repr": "Las Terrenas", "action_flag": 1, "change_message": "new through import_export"}}, {"model": "admin.logentry", "pk": 188, "fields": {"action_time": "2020-11-24T23:26:54.295Z", "user": 1, "content_type": 11, "object_id": "108", "object_repr": "S\u00e1nchez", "action_flag": 1, "change_message": "new through import_export"}}, {"model": "admin.logentry", "pk": 189, "fields": {"action_time": "2020-11-24T23:26:54.298Z", "user": 1, "content_type": 11, "object_id": "109", "object_repr": "Cotu\u00ed", "action_flag": 1, "change_message": "new through import_export"}}, {"model": "admin.logentry", "pk": 190, "fields": {"action_time": "2020-11-24T23:26:54.303Z", "user": 1, "content_type": 11, "object_id": "110", "object_repr": "Cevicos", "action_flag": 1, "change_message": "new through import_export"}}, {"model": "admin.logentry", "pk": 191, "fields": {"action_time": "2020-11-24T23:26:54.308Z", "user": 1, "content_type": 11, "object_id": "111", "object_repr": "Fantino", "action_flag": 1, "change_message": "new through import_export"}}, {"model": "admin.logentry", "pk": 192, "fields": {"action_time": "2020-11-24T23:26:54.316Z", "user": 1, "content_type": 11, "object_id": "112", "object_repr": "La Mata", "action_flag": 1, "change_message": "new through import_export"}}, {"model": "admin.logentry", "pk": 193, "fields": {"action_time": "2020-11-24T23:26:54.320Z", "user": 1, "content_type": 11, "object_id": "113", "object_repr": "San Crist\u00f3bal", "action_flag": 1, "change_message": "new through import_export"}}, {"model": "admin.logentry", "pk": 194, "fields": {"action_time": "2020-11-24T23:26:54.324Z", "user": 1, "content_type": 11, "object_id": "114", "object_repr": "Bajos de Haina", "action_flag": 1, "change_message": "new through import_export"}}, {"model": "admin.logentry", "pk": 195, "fields": {"action_time": "2020-11-24T23:26:54.328Z", "user": 1, "content_type": 11, "object_id": "115", "object_repr": "Cambita Garabito", "action_flag": 1, "change_message": "new through import_export"}}, {"model": "admin.logentry", "pk": 196, "fields": {"action_time": "2020-11-24T23:26:54.332Z", "user": 1, "content_type": 11, "object_id": "116", "object_repr": "Los Cacaos", "action_flag": 1, "change_message": "new through import_export"}}, {"model": "admin.logentry", "pk": 197, "fields": {"action_time": "2020-11-24T23:26:54.335Z", "user": 1, "content_type": 11, "object_id": "117", "object_repr": "Sabana Grande de Palenque", "action_flag": 1, "change_message": "new through import_export"}}, {"model": "admin.logentry", "pk": 198, "fields": {"action_time": "2020-11-24T23:26:54.338Z", "user": 1, "content_type": 11, "object_id": "118", "object_repr": "San Gregorio de Nigua", "action_flag": 1, "change_message": "new through import_export"}}, {"model": "admin.logentry", "pk": 199, "fields": {"action_time": "2020-11-24T23:26:54.342Z", "user": 1, "content_type": 11, "object_id": "119", "object_repr": "Villa Altagracia", "action_flag": 1, "change_message": "new through import_export"}}, {"model": "admin.logentry", "pk": 200, "fields": {"action_time": "2020-11-24T23:26:54.345Z", "user": 1, "content_type": 11, "object_id": "120", "object_repr": "Yaguate", "action_flag": 1, "change_message": "new through import_export"}}, {"model": "admin.logentry", "pk": 201, "fields": {"action_time": "2020-11-24T23:26:54.354Z", "user": 1, "content_type": 11, "object_id": "121", "object_repr": "San Jos\u00e9 de Ocoa", "action_flag": 1, "change_message": "new through import_export"}}, {"model": "admin.logentry", "pk": 202, "fields": {"action_time": "2020-11-24T23:26:54.361Z", "user": 1, "content_type": 11, "object_id": "122", "object_repr": "Rancho Arriba", "action_flag": 1, "change_message": "new through import_export"}}, {"model": "admin.logentry", "pk": 203, "fields": {"action_time": "2020-11-24T23:26:54.364Z", "user": 1, "content_type": 11, "object_id": "123", "object_repr": "Sabana Larga", "action_flag": 1, "change_message": "new through import_export"}}, {"model": "admin.logentry", "pk": 204, "fields": {"action_time": "2020-11-24T23:26:54.367Z", "user": 1, "content_type": 11, "object_id": "124", "object_repr": "San Juan de la Maguana", "action_flag": 1, "change_message": "new through import_export"}}, {"model": "admin.logentry", "pk": 205, "fields": {"action_time": "2020-11-24T23:26:54.370Z", "user": 1, "content_type": 11, "object_id": "125", "object_repr": "Bohech\u00edo", "action_flag": 1, "change_message": "new through import_export"}}, {"model": "admin.logentry", "pk": 206, "fields": {"action_time": "2020-11-24T23:26:54.373Z", "user": 1, "content_type": 11, "object_id": "126", "object_repr": "El Cercado", "action_flag": 1, "change_message": "new through import_export"}}, {"model": "admin.logentry", "pk": 207, "fields": {"action_time": "2020-11-24T23:26:54.376Z", "user": 1, "content_type": 11, "object_id": "127", "object_repr": "Juan de Herrera", "action_flag": 1, "change_message": "new through import_export"}}, {"model": "admin.logentry", "pk": 208, "fields": {"action_time": "2020-11-24T23:26:54.379Z", "user": 1, "content_type": 11, "object_id": "128", "object_repr": "Las Matas de Farf\u00e1n", "action_flag": 1, "change_message": "new through import_export"}}, {"model": "admin.logentry", "pk": 209, "fields": {"action_time": "2020-11-24T23:26:54.382Z", "user": 1, "content_type": 11, "object_id": "129", "object_repr": "Vallejuelo", "action_flag": 1, "change_message": "new through import_export"}}, {"model": "admin.logentry", "pk": 210, "fields": {"action_time": "2020-11-24T23:26:54.385Z", "user": 1, "content_type": 11, "object_id": "130", "object_repr": "San Pedro de Macor\u00eds", "action_flag": 1, "change_message": "new through import_export"}}, {"model": "admin.logentry", "pk": 211, "fields": {"action_time": "2020-11-24T23:26:54.388Z", "user": 1, "content_type": 11, "object_id": "131", "object_repr": "Consuelo", "action_flag": 1, "change_message": "new through import_export"}}, {"model": "admin.logentry", "pk": 212, "fields": {"action_time": "2020-11-24T23:26:54.390Z", "user": 1, "content_type": 11, "object_id": "132", "object_repr": "Guayacanes", "action_flag": 1, "change_message": "new through import_export"}}, {"model": "admin.logentry", "pk": 213, "fields": {"action_time": "2020-11-24T23:26:54.393Z", "user": 1, "content_type": 11, "object_id": "133", "object_repr": "Quisqueya", "action_flag": 1, "change_message": "new through import_export"}}, {"model": "admin.logentry", "pk": 214, "fields": {"action_time": "2020-11-24T23:26:54.396Z", "user": 1, "content_type": 11, "object_id": "134", "object_repr": "Ram\u00f3n Santana", "action_flag": 1, "change_message": "new through import_export"}}, {"model": "admin.logentry", "pk": 215, "fields": {"action_time": "2020-11-24T23:26:54.400Z", "user": 1, "content_type": 11, "object_id": "135", "object_repr": "San Jos\u00e9 de Los Llanos", "action_flag": 1, "change_message": "new through import_export"}}, {"model": "admin.logentry", "pk": 216, "fields": {"action_time": "2020-11-24T23:26:54.405Z", "user": 1, "content_type": 11, "object_id": "136", "object_repr": "Santiago", "action_flag": 1, "change_message": "new through import_export"}}, {"model": "admin.logentry", "pk": 217, "fields": {"action_time": "2020-11-24T23:26:54.409Z", "user": 1, "content_type": 11, "object_id": "137", "object_repr": "Bison\u00f3", "action_flag": 1, "change_message": "new through import_export"}}, {"model": "admin.logentry", "pk": 218, "fields": {"action_time": "2020-11-24T23:26:54.412Z", "user": 1, "content_type": 11, "object_id": "138", "object_repr": "J\u00e1nico", "action_flag": 1, "change_message": "new through import_export"}}, {"model": "admin.logentry", "pk": 219, "fields": {"action_time": "2020-11-24T23:26:54.415Z", "user": 1, "content_type": 11, "object_id": "139", "object_repr": "Licey al Medio", "action_flag": 1, "change_message": "new through import_export"}}, {"model": "admin.logentry", "pk": 220, "fields": {"action_time": "2020-11-24T23:26:54.419Z", "user": 1, "content_type": 11, "object_id": "140", "object_repr": "Pu\u00f1al", "action_flag": 1, "change_message": "new through import_export"}}, {"model": "admin.logentry", "pk": 221, "fields": {"action_time": "2020-11-24T23:26:54.422Z", "user": 1, "content_type": 11, "object_id": "141", "object_repr": "Sabana Iglesia", "action_flag": 1, "change_message": "new through import_export"}}, {"model": "admin.logentry", "pk": 222, "fields": {"action_time": "2020-11-24T23:26:54.426Z", "user": 1, "content_type": 11, "object_id": "142", "object_repr": "San Jos\u00e9 de las Matas", "action_flag": 1, "change_message": "new through import_export"}}, {"model": "admin.logentry", "pk": 223, "fields": {"action_time": "2020-11-24T23:26:54.429Z", "user": 1, "content_type": 11, "object_id": "143", "object_repr": "Tamboril", "action_flag": 1, "change_message": "new through import_export"}}, {"model": "admin.logentry", "pk": 224, "fields": {"action_time": "2020-11-24T23:26:54.433Z", "user": 1, "content_type": 11, "object_id": "144", "object_repr": "Villa Gonz\u00e1lez", "action_flag": 1, "change_message": "new through import_export"}}, {"model": "admin.logentry", "pk": 225, "fields": {"action_time": "2020-11-24T23:26:54.437Z", "user": 1, "content_type": 11, "object_id": "145", "object_repr": "San Ignacio de Sabaneta", "action_flag": 1, "change_message": "new through import_export"}}, {"model": "admin.logentry", "pk": 226, "fields": {"action_time": "2020-11-24T23:26:54.439Z", "user": 1, "content_type": 11, "object_id": "146", "object_repr": "Los Alm\u00e1cigos", "action_flag": 1, "change_message": "new through import_export"}}, {"model": "admin.logentry", "pk": 227, "fields": {"action_time": "2020-11-24T23:26:54.443Z", "user": 1, "content_type": 11, "object_id": "147", "object_repr": "Monci\u00f3n", "action_flag": 1, "change_message": "new through import_export"}}, {"model": "admin.logentry", "pk": 228, "fields": {"action_time": "2020-11-24T23:26:54.450Z", "user": 1, "content_type": 11, "object_id": "148", "object_repr": "Santo Domingo Este", "action_flag": 1, "change_message": "new through import_export"}}, {"model": "admin.logentry", "pk": 229, "fields": {"action_time": "2020-11-24T23:26:54.454Z", "user": 1, "content_type": 11, "object_id": "149", "object_repr": "Boca Chica", "action_flag": 1, "change_message": "new through import_export"}}, {"model": "admin.logentry", "pk": 230, "fields": {"action_time": "2020-11-24T23:26:54.457Z", "user": 1, "content_type": 11, "object_id": "150", "object_repr": "Los Alcarrizos", "action_flag": 1, "change_message": "new through import_export"}}, {"model": "admin.logentry", "pk": 231, "fields": {"action_time": "2020-11-24T23:26:54.461Z", "user": 1, "content_type": 11, "object_id": "151", "object_repr": "Pedro Brand", "action_flag": 1, "change_message": "new through import_export"}}, {"model": "admin.logentry", "pk": 232, "fields": {"action_time": "2020-11-24T23:26:54.463Z", "user": 1, "content_type": 11, "object_id": "152", "object_repr": "San Antonio de Guerra", "action_flag": 1, "change_message": "new through import_export"}}, {"model": "admin.logentry", "pk": 233, "fields": {"action_time": "2020-11-24T23:26:54.467Z", "user": 1, "content_type": 11, "object_id": "153", "object_repr": "Santo Domingo Norte", "action_flag": 1, "change_message": "new through import_export"}}, {"model": "admin.logentry", "pk": 234, "fields": {"action_time": "2020-11-24T23:26:54.469Z", "user": 1, "content_type": 11, "object_id": "154", "object_repr": "Santo Domingo Oeste", "action_flag": 1, "change_message": "new through import_export"}}, {"model": "admin.logentry", "pk": 235, "fields": {"action_time": "2020-11-24T23:26:54.473Z", "user": 1, "content_type": 11, "object_id": "155", "object_repr": "Mao", "action_flag": 1, "change_message": "new through import_export"}}, {"model": "admin.logentry", "pk": 236, "fields": {"action_time": "2020-11-24T23:26:54.476Z", "user": 1, "content_type": 11, "object_id": "156", "object_repr": "Esperanza", "action_flag": 1, "change_message": "new through import_export"}}, {"model": "admin.logentry", "pk": 237, "fields": {"action_time": "2020-11-24T23:26:54.479Z", "user": 1, "content_type": 11, "object_id": "157", "object_repr": "Laguna Salada", "action_flag": 1, "change_message": "new through import_export"}}, {"model": "admin.logentry", "pk": 238, "fields": {"action_time": "2020-11-25T20:17:11.086Z", "user": 1, "content_type": 12, "object_id": "31", "object_repr": "Santo Domingo", "action_flag": 2, "change_message": "[{\"changed\": {\"fields\": [\"Location f\"]}}]"}}, {"model": "admin.logentry", "pk": 239, "fields": {"action_time": "2020-11-25T20:17:19.546Z", "user": 1, "content_type": 12, "object_id": "31", "object_repr": "Santo Domingo", "action_flag": 2, "change_message": "[{\"changed\": {\"fields\": [\"Location f\"]}}]"}}, {"model": "admin.logentry", "pk": 240, "fields": {"action_time": "2020-11-25T20:24:14.315Z", "user": 1, "content_type": 12, "object_id": "29", "object_repr": "Santiago", "action_flag": 2, "change_message": "[{\"changed\": {\"fields\": [\"Location f\"]}}]"}}, {"model": "admin.logentry", "pk": 241, "fields": {"action_time": "2020-11-25T20:35:28.237Z", "user": 1, "content_type": 12, "object_id": "31", "object_repr": "Santo Domingo", "action_flag": 2, "change_message": "[{\"changed\": {\"fields\": [\"Location m\"]}}]"}}, {"model": "admin.logentry", "pk": 242, "fields": {"action_time": "2020-11-25T20:35:38.629Z", "user": 1, "content_type": 12, "object_id": "31", "object_repr": "Santo Domingo", "action_flag": 2, "change_message": "[{\"changed\": {\"fields\": [\"Location m\"]}}]"}}, {"model": "admin.logentry", "pk": 243, "fields": {"action_time": "2020-11-25T20:37:36.120Z", "user": 1, "content_type": 12, "object_id": "31", "object_repr": "Santo Domingo", "action_flag": 2, "change_message": "[{\"changed\": {\"fields\": [\"Location m\"]}}]"}}, {"model": "admin.logentry", "pk": 244, "fields": {"action_time": "2020-11-25T20:37:58.448Z", "user": 1, "content_type": 12, "object_id": "29", "object_repr": "Santiago", "action_flag": 2, "change_message": "[{\"changed\": {\"fields\": [\"Location m\"]}}]"}}, {"model": "admin.logentry", "pk": 245, "fields": {"action_time": "2020-11-25T22:20:05.738Z", "user": 1, "content_type": 12, "object_id": "28", "object_repr": "San Pedro de Macor\u00eds", "action_flag": 2, "change_message": "[{\"changed\": {\"fields\": [\"Location m\"]}}]"}}, {"model": "admin.logentry", "pk": 246, "fields": {"action_time": "2020-11-25T22:43:21.363Z", "user": 1, "content_type": 12, "object_id": "30", "object_repr": "Santiago Rodr\u00edguez", "action_flag": 2, "change_message": "[{\"changed\": {\"fields\": [\"Location m\"]}}]"}}, {"model": "admin.logentry", "pk": 247, "fields": {"action_time": "2020-11-25T22:43:34.284Z", "user": 1, "content_type": 12, "object_id": "32", "object_repr": "Valverde", "action_flag": 2, "change_message": "[{\"changed\": {\"fields\": [\"Location m\"]}}]"}}, {"model": "admin.logentry", "pk": 248, "fields": {"action_time": "2020-11-25T22:43:57.615Z", "user": 1, "content_type": 12, "object_id": "27", "object_repr": "San Juan", "action_flag": 2, "change_message": "[{\"changed\": {\"fields\": [\"Location m\"]}}]"}}, {"model": "admin.logentry", "pk": 249, "fields": {"action_time": "2020-11-25T22:44:07.506Z", "user": 1, "content_type": 12, "object_id": "26", "object_repr": "San Jos\u00e9 de Ocoa", "action_flag": 2, "change_message": "[{\"changed\": {\"fields\": [\"Location m\"]}}]"}}, {"model": "admin.logentry", "pk": 250, "fields": {"action_time": "2020-11-25T22:44:24.194Z", "user": 1, "content_type": 12, "object_id": "25", "object_repr": "San Crist\u00f3bal", "action_flag": 2, "change_message": "[{\"changed\": {\"fields\": [\"Location m\"]}}]"}}, {"model": "admin.logentry", "pk": 251, "fields": {"action_time": "2020-11-25T22:44:38.351Z", "user": 1, "content_type": 12, "object_id": "24", "object_repr": "S\u00e1nchez Ram\u00edrez", "action_flag": 2, "change_message": "[{\"changed\": {\"fields\": [\"Location m\"]}}]"}}, {"model": "admin.logentry", "pk": 252, "fields": {"action_time": "2020-11-25T22:44:50.904Z", "user": 1, "content_type": 12, "object_id": "23", "object_repr": "Saman\u00e1", "action_flag": 2, "change_message": "[{\"changed\": {\"fields\": [\"Location m\"]}}]"}}, {"model": "admin.logentry", "pk": 253, "fields": {"action_time": "2020-11-25T22:45:00.584Z", "user": 1, "content_type": 12, "object_id": "22", "object_repr": "Puerto Plata", "action_flag": 2, "change_message": "[{\"changed\": {\"fields\": [\"Location m\"]}}]"}}, {"model": "admin.logentry", "pk": 254, "fields": {"action_time": "2020-11-25T22:45:09.121Z", "user": 1, "content_type": 12, "object_id": "21", "object_repr": "Peravia", "action_flag": 2, "change_message": "[{\"changed\": {\"fields\": [\"Location m\"]}}]"}}, {"model": "admin.logentry", "pk": 255, "fields": {"action_time": "2020-11-25T22:45:22.721Z", "user": 1, "content_type": 12, "object_id": "20", "object_repr": "Pedernales", "action_flag": 2, "change_message": "[{\"changed\": {\"fields\": [\"Location m\"]}}]"}}, {"model": "admin.logentry", "pk": 256, "fields": {"action_time": "2020-11-25T22:45:32.996Z", "user": 1, "content_type": 12, "object_id": "19", "object_repr": "Monte Plata", "action_flag": 2, "change_message": "[{\"changed\": {\"fields\": [\"Location m\"]}}]"}}, {"model": "admin.logentry", "pk": 257, "fields": {"action_time": "2020-11-25T22:45:42.381Z", "user": 1, "content_type": 12, "object_id": "18", "object_repr": "Monte Cristi", "action_flag": 2, "change_message": "[{\"changed\": {\"fields\": [\"Location m\"]}}]"}}, {"model": "admin.logentry", "pk": 258, "fields": {"action_time": "2020-11-26T17:29:20.551Z", "user": 1, "content_type": 12, "object_id": "17", "object_repr": "Monse\u00f1or Nouel", "action_flag": 2, "change_message": "[{\"changed\": {\"fields\": [\"Location m\"]}}]"}}, {"model": "admin.logentry", "pk": 259, "fields": {"action_time": "2020-11-26T17:29:34.076Z", "user": 1, "content_type": 12, "object_id": "16", "object_repr": "Mar\u00eda Trinidad S\u00e1nchez", "action_flag": 2, "change_message": "[{\"changed\": {\"fields\": [\"Location m\"]}}]"}}, {"model": "admin.logentry", "pk": 260, "fields": {"action_time": "2020-11-26T17:29:46.601Z", "user": 1, "content_type": 12, "object_id": "15", "object_repr": "La Vega", "action_flag": 2, "change_message": "[{\"changed\": {\"fields\": [\"Location m\"]}}]"}}, {"model": "admin.logentry", "pk": 261, "fields": {"action_time": "2020-11-26T17:29:57.621Z", "user": 1, "content_type": 12, "object_id": "14", "object_repr": "La Romana", "action_flag": 2, "change_message": "[{\"changed\": {\"fields\": [\"Location m\"]}}]"}}, {"model": "admin.logentry", "pk": 262, "fields": {"action_time": "2020-11-26T17:30:07.231Z", "user": 1, "content_type": 12, "object_id": "13", "object_repr": "La Altagracia", "action_flag": 2, "change_message": "[{\"changed\": {\"fields\": [\"Location m\"]}}]"}}, {"model": "admin.logentry", "pk": 263, "fields": {"action_time": "2020-11-26T17:30:34.700Z", "user": 1, "content_type": 12, "object_id": "12", "object_repr": "Independencia", "action_flag": 2, "change_message": "[{\"changed\": {\"fields\": [\"Location m\"]}}]"}}, {"model": "admin.logentry", "pk": 264, "fields": {"action_time": "2020-11-26T17:30:51.590Z", "user": 1, "content_type": 12, "object_id": "11", "object_repr": "Hermanas Mirabal", "action_flag": 2, "change_message": "[{\"changed\": {\"fields\": [\"Location m\"]}}]"}}, {"model": "admin.logentry", "pk": 265, "fields": {"action_time": "2020-11-26T17:31:03.706Z", "user": 1, "content_type": 12, "object_id": "10", "object_repr": "Hato Mayor", "action_flag": 2, "change_message": "[{\"changed\": {\"fields\": [\"Location m\"]}}]"}}, {"model": "admin.logentry", "pk": 266, "fields": {"action_time": "2020-11-26T17:31:12.596Z", "user": 1, "content_type": 12, "object_id": "9", "object_repr": "Espaillat", "action_flag": 2, "change_message": "[{\"changed\": {\"fields\": [\"Location m\"]}}]"}}, {"model": "admin.logentry", "pk": 267, "fields": {"action_time": "2020-11-26T17:31:12.816Z", "user": 1, "content_type": 12, "object_id": "9", "object_repr": "Espaillat", "action_flag": 2, "change_message": "[]"}}, {"model": "admin.logentry", "pk": 268, "fields": {"action_time": "2020-11-26T17:31:22.011Z", "user": 1, "content_type": 12, "object_id": "8", "object_repr": "El Seibo", "action_flag": 2, "change_message": "[{\"changed\": {\"fields\": [\"Location m\"]}}]"}}, {"model": "admin.logentry", "pk": 269, "fields": {"action_time": "2020-11-26T17:31:31.978Z", "user": 1, "content_type": 12, "object_id": "7", "object_repr": "El\u00edas Pi\u00f1a", "action_flag": 2, "change_message": "[{\"changed\": {\"fields\": [\"Location m\"]}}]"}}, {"model": "admin.logentry", "pk": 270, "fields": {"action_time": "2020-11-26T17:31:43.764Z", "user": 1, "content_type": 12, "object_id": "6", "object_repr": "Duarte", "action_flag": 2, "change_message": "[{\"changed\": {\"fields\": [\"Location m\"]}}]"}}, {"model": "admin.logentry", "pk": 271, "fields": {"action_time": "2020-11-26T17:37:33.313Z", "user": 1, "content_type": 12, "object_id": "5", "object_repr": "Distrito Nacional", "action_flag": 2, "change_message": "[{\"changed\": {\"fields\": [\"Location m\"]}}]"}}, {"model": "admin.logentry", "pk": 272, "fields": {"action_time": "2020-11-26T17:37:46.829Z", "user": 1, "content_type": 12, "object_id": "4", "object_repr": "Dajab\u00f3n", "action_flag": 2, "change_message": "[{\"changed\": {\"fields\": [\"Location m\"]}}]"}}, {"model": "admin.logentry", "pk": 273, "fields": {"action_time": "2020-11-26T17:37:57.988Z", "user": 1, "content_type": 12, "object_id": "3", "object_repr": "Barahona", "action_flag": 2, "change_message": "[{\"changed\": {\"fields\": [\"Location m\"]}}]"}}, {"model": "admin.logentry", "pk": 274, "fields": {"action_time": "2020-11-26T17:38:11.606Z", "user": 1, "content_type": 12, "object_id": "2", "object_repr": "Bahoruco", "action_flag": 2, "change_message": "[{\"changed\": {\"fields\": [\"Location m\"]}}]"}}, {"model": "admin.logentry", "pk": 275, "fields": {"action_time": "2020-11-26T17:38:28.403Z", "user": 1, "content_type": 12, "object_id": "1", "object_repr": "Azua", "action_flag": 2, "change_message": "[{\"changed\": {\"fields\": [\"Location m\"]}}]"}}, {"model": "admin.logentry", "pk": 276, "fields": {"action_time": "2020-11-26T20:36:24.870Z", "user": 1, "content_type": 4, "object_id": "12", "object_repr": "bruno", "action_flag": 3, "change_message": ""}}, {"model": "admin.logentry", "pk": 277, "fields": {"action_time": "2020-11-26T20:36:24.879Z", "user": 1, "content_type": 4, "object_id": "11", "object_repr": "jose", "action_flag": 3, "change_message": ""}}, {"model": "admin.logentry", "pk": 278, "fields": {"action_time": "2020-11-26T20:36:24.881Z", "user": 1, "content_type": 4, "object_id": "9", "object_repr": "odsadmin", "action_flag": 3, "change_message": ""}}, {"model": "admin.logentry", "pk": 279, "fields": {"action_time": "2020-11-26T20:36:24.883Z", "user": 1, "content_type": 4, "object_id": "10", "object_repr": "use", "action_flag": 3, "change_message": ""}}, {"model": "admin.logentry", "pk": 280, "fields": {"action_time": "2020-11-26T20:41:12.900Z", "user": 1, "content_type": 8, "object_id": "8", "object_repr": "jeanfondeur", "action_flag": 3, "change_message": ""}}, {"model": "Patients.patient", "pk": 17, "fields": {"first_name": "Jean", "last_name": "Fondeur", "email": "jfondeur@gmail.com", "date_posted": "2020-11-24T23:28:17.245Z", "created_by": 1, "state": 23, "location": 107}}, {"model": "Patients.patient", "pk": 18, "fields": {"first_name": "Carmen", "last_name": "Ovalles", "email": "ovalles@gmail.com", "date_posted": "2020-11-24T23:28:59.629Z", "created_by": 1, "state": 9, "location": 50}}, {"model": "Patients.patient", "pk": 19, "fields": {"first_name": "Milkeya", "last_name": "Kalaf", "email": "jala@dsasdas.com", "date_posted": "2020-11-24T23:31:08.838Z", "created_by": null, "state": 13, "location": 66}}, {"model": "Patients.patient", "pk": 20, "fields": {"first_name": "Jean", "last_name": "Fdasdass", "email": "dasda@sdasda.com", "date_posted": "2020-11-26T01:23:51.174Z", "created_by": 1, "state": 1, "location": 4}}, {"model": "Patients.patient", "pk": 21, "fields": {"first_name": "papap", "last_name": "psdpasda", "email": "sdas@jsdadasd.com", "date_posted": "2020-11-26T02:02:52.004Z", "created_by": 1, "state": 1, "location": 3}}, {"model": "blog.post", "pk": 1, "fields": {"title": "Esto es la Prueba 1", "content": "Lorem Ipsum is simply dummy text of the printing and typesetting industry. Lorem Ipsum has been the industry's standard dummy text ever since the 1500s, when an unknown printer took a galley of type and scrambled it to make a type specimen book. It has survived not only five centuries, but also the leap into electronic typesetting, remaining essentially unchanged. It was popularised in the 1960s with the release of Letraset sheets containing Lorem Ipsum passages, and more recently with desktop publishing software like Aldus PageMaker including versions of Lorem Ipsum", "date_posted": "2020-07-17T00:04:24Z", "author": 1}}, {"model": "blog.post", "pk": 2, "fields": {"title": "Blog test 2", "content": "Lorem Ipsum is simply dummy text of the printing and typesetting industry. Lorem Ipsum has been the industry's standard dummy text ever since the 1500s, when an unknown printer took a galley of type and scrambled it to make a type specimen book. It has survived not only five centuries, but also the leap into electronic typesetting, remaining essentially unchanged. It was popularised in the 1960s with the release of Letraset sheets containing Lorem Ipsum passages, and more recently with desktop publishing software like Aldus PageMaker including versions of Lorem Ipsum", "date_posted": "2020-07-17T00:05:10Z", "author": 1}}, {"model": "blog.post", "pk": 3, "fields": {"title": "Blog test 3", "content": "Lorem Ipsum is simply dummy text of the printing and typesetting industry. Lorem Ipsum has been the industry's standard dummy text ever since the 1500s, when an unknown printer took a galley of type and scrambled it to make a type specimen book. It has survived not only five centuries, but also the leap into electronic typesetting, remaining essentially unchanged. It was popularised in the 1960s with the release of Letraset sheets containing Lorem Ipsum passages, and more recently with desktop publishing software like Aldus PageMaker including versions of Lorem Ipsum", "date_posted": "2020-07-17T00:05:20Z", "author": 1}}]